year,ncessch,school_name,state_location,lea_name,school_level,school_type,charter,enrollment,magnet
"2024","090192001192","Betances Learning Lab Magnet School","CT","Hartford School District","Primary","Regular school","No","398",""
"2024","090192001616","Betances STEM Magnet School","CT","Hartford School District","Middle","Regular school","No","206",""
"2024","090192001534","Breakthrough Magnet School North","CT","Hartford School District","Primary","Regular school","No","289",""
"2024","090192001369","Breakthrough Magnet School South","CT","Hartford School District","Primary","Regular school","No","326",""
"2024","090192001572","Bulkeley High School","CT","Hartford School District","High","Regular school","No","552",""
"2024","090192000357","Burns Latino Studies Academy","CT","Hartford School District","Primary","Regular school","No","251",""
"2024","090192000358","Burr Middle School","CT","Hartford School District","Middle","Regular school","No","259",""
"2024","090192001435","Capital Preparatory Magnet School","CT","Hartford School District","Other","Regular school","No","580",""
"2024","090192001478","Classical Magnet School","CT","Hartford School District","High","Regular school","No","438",""
"2024","090192000360","Dwight-Bellizzi Dual Language Academy","CT","Hartford School District","Primary","Regular school","No","651",""
"2024","090192000366","Environmental Sciences Magnet at Hooker School","CT","Hartford School District","Primary","Regular school","No","547",""
"2024","090192000636","Expeditionary Learning Academy at Moylan School","CT","Hartford School District","Primary","Regular school","No","342",""
"2024","090192001535","Global Communications Academy","CT","Hartford School District","Primary","Regular school","No","414",""
"2024","090192001403","Great Path Academy at CT State Manchester","CT","Hartford School District","High","Regular school","No","336",""
"2024","090192001295","Hartford Magnet Trinity College Academy","CT","Hartford School District","High","Regular school","No","925",""
"2024","090192001643","Hartford PreKindergarten Magnet School: North Campus","CT","Hartford School District","Prekindergarten","Regular school","No","115",""
"2024","090192011231","Hartford PreKindergarten Magnet School: South Campus","CT","Hartford School District","Prekindergarten","Regular school","No","112",""
"2024","090192001925","Hartford Public High School","CT","Hartford School District","High","Regular school","No","698",""
"2024","090192000368","Kennelly School","CT","Hartford School District","Primary","Regular school","No","628",""
"2024","090192011232","Kinsella Magnet School of Performing Arts: High School Campu","CT","Hartford School District","High","Regular school","No","110",""
"2024","090192000370","Kinsella Magnet School of Performing Arts: PK-8 Campus","CT","Hartford School District","Primary","Regular school","No","435",""
"2024","090192000364","M. D. Fox School","CT","Hartford School District","Primary","Regular school","No","562",""
"2024","090192000369","M. L. King Jr. Middle School","CT","Hartford School District","Middle","Regular school","No","184",""
"2024","090192000371","McDonough Middle School","CT","Hartford School District","Middle","Regular school","No","301",""
"2024","090192000381","Milner Middle School","CT","Hartford School District","Middle","Regular school","No","261",""
"2024","090192001641","Montessori Magnet at Batchelder School","CT","Hartford School District","Primary","Regular school","No","346",""
"2024","090192001531","Montessori Magnet at Fisher School","CT","Hartford School District","Primary","Regular school","No","353",""
"2024","090192000372","Naylor/CCSU Leadership Academy","CT","Hartford School District","Primary","Regular school","No","372",""
"2024","090192000373","Parkville Community School","CT","Hartford School District","Primary","Regular school","No","351",""
"2024","090192001479","Pathways Academy of Technology and Design","CT","Hartford School District","High","Regular school","No","359",""
"2024","090192000376","Rawson School","CT","Hartford School District","Primary","Regular school","No","198",""
"2024","090192001582","Renzulli Gifted and Talented Academy","CT","Hartford School District","Middle","Regular school","No","128",""
"2024","090192000026","Sanchez School","CT","Hartford School District","Primary","Regular school","No","311",""
"2024","090192000377","SAND School","CT","Hartford School District","Primary","Regular school","No","266",""
"2024","090192001370","Sport and Medical Sciences Academy","CT","Hartford School District","High","Regular school","No","463",""
"2024","090192000362","STEM Magnet at Annie Fisher School","CT","Hartford School District","Primary","Regular school","No","348",""
"2024","090192001381","University High School of Science and Engineering","CT","Hartford School District","High","Regular school","No","406",""
"2024","090192001939","Weaver High School","CT","Hartford School District","High","Regular school","No","721",""
"2024","090192000383","Webster Micro Society Magnet School","CT","Hartford School District","Primary","Regular school","No","626",""
"2024","090192000384","West Middle School","CT","Hartford School District","Primary","Regular school","No","289",""
"2024","090192000385","Wish Museum School","CT","Hartford School District","Primary","Regular school","No","297",""
"2023","090192001192","Betances Learning Lab Magnet School","CT","Hartford School District","Primary","Regular school","No","411",""
"2023","090192001616","Betances STEM Magnet School","CT","Hartford School District","Middle","Regular school","No","212",""
"2023","090192001534","Breakthrough Magnet School North","CT","Hartford School District","Primary","Regular school","No","318",""
"2023","090192001369","Breakthrough Magnet School South","CT","Hartford School District","Primary","Regular school","No","322",""
"2023","090192001572","Bulkeley High School","CT","Hartford School District","High","Regular school","No","592",""
"2023","090192000357","Burns Latino Studies Academy","CT","Hartford School District","Primary","Regular school","No","228",""
"2023","090192000358","Burr Middle School","CT","Hartford School District","Middle","Regular school","No","307",""
"2023","090192001435","Capital Preparatory Magnet School","CT","Hartford School District","Other","Regular school","No","533",""
"2023","090192001478","Classical Magnet School","CT","Hartford School District","High","Regular school","No","472",""
"2023","090192000360","Dwight-Bellizzi Dual Language Academy","CT","Hartford School District","Primary","Regular school","No","643",""
"2023","090192000366","Environmental Sciences Magnet at Hooker School","CT","Hartford School District","Primary","Regular school","No","567",""
"2023","090192000636","Expeditionary Learning Academy at Moylan School","CT","Hartford School District","Primary","Regular school","No","379",""
"2023","090192001535","Global Communications Academy","CT","Hartford School District","Primary","Regular school","No","437",""
"2023","090192001403","Great Path Academy at MCC","CT","Hartford School District","High","Regular school","No","303",""
"2023","090192001295","Hartford Magnet Trinity College Academy","CT","Hartford School District","High","Regular school","No","934",""
"2023","090192001643","Hartford PreKindergarten Magnet School: North Campus","CT","Hartford School District","Prekindergarten","Regular school","No","119",""
"2023","090192011231","Hartford PreKindergarten Magnet School: South Campus","CT","Hartford School District","Prekindergarten","Regular school","No","117",""
"2023","090192001925","Hartford Public High School","CT","Hartford School District","High","Regular school","No","721",""
"2023","090192000368","Kennelly School","CT","Hartford School District","Primary","Regular school","No","650",""
"2023","090192011232","Kinsella Magnet School of Performing Arts: High School Campu","CT","Hartford School District","High","Regular school","No","118",""
"2023","090192000370","Kinsella Magnet School of Performing Arts: PK-8 Campus","CT","Hartford School District","Primary","Regular school","No","436",""
"2023","090192000364","M. D. Fox School","CT","Hartford School District","Primary","Regular school","No","531",""
"2023","090192000369","M. L. King Jr. Middle School","CT","Hartford School District","Middle","Regular school","No","187",""
"2023","090192000371","McDonough Middle School","CT","Hartford School District","Middle","Regular school","No","346",""
"2023","090192000381","Milner Middle School","CT","Hartford School District","Middle","Regular school","No","278",""
"2023","090192001641","Montessori Magnet at Batchelder School","CT","Hartford School District","Primary","Regular school","No","366",""
"2023","090192001531","Montessori Magnet at Fisher School","CT","Hartford School District","Primary","Regular school","No","353",""
"2023","090192000372","Naylor/CCSU Leadership Academy","CT","Hartford School District","Primary","Regular school","No","370",""
"2023","090192000373","Parkville Community School","CT","Hartford School District","Primary","Regular school","No","375",""
"2023","090192001479","Pathways Academy of Technology and Design","CT","Hartford School District","High","Regular school","No","390",""
"2023","090192000376","Rawson School","CT","Hartford School District","Primary","Regular school","No","209",""
"2023","090192001582","Renzulli Gifted and Talented Academy","CT","Hartford School District","Middle","Regular school","No","116",""
"2023","090192000026","Sanchez School","CT","Hartford School District","Primary","Regular school","No","332",""
"2023","090192000377","SAND School","CT","Hartford School District","Primary","Regular school","No","273",""
"2023","090192001370","Sport and Medical Sciences Academy","CT","Hartford School District","High","Regular school","No","450",""
"2023","090192000362","STEM Magnet at Annie Fisher School","CT","Hartford School District","Primary","Regular school","No","373",""
"2023","090192001381","University High School of Science and Engineering","CT","Hartford School District","High","Regular school","No","400",""
"2023","090192001939","Weaver High School","CT","Hartford School District","High","Regular school","No","690",""
"2023","090192000383","Webster Micro Society Magnet School","CT","Hartford School District","Primary","Regular school","No","631",""
"2023","090192000384","West Middle School","CT","Hartford School District","Primary","Regular school","No","306",""
"2023","090192000385","Wish Museum School","CT","Hartford School District","Primary","Regular school","No","299",""
"2022","090192001192","Betances Learning Lab Magnet School","CT","Hartford School District","Primary","Regular school","No","394",""
"2022","090192001616","Betances STEM Magnet School","CT","Hartford School District","Middle","Regular school","No","210",""
"2022","090192001534","Breakthrough Magnet School North","CT","Hartford School District","Primary","Regular school","No","327",""
"2022","090192001369","Breakthrough Magnet School South","CT","Hartford School District","Primary","Regular school","No","343",""
"2022","090192001572","Bulkeley High School","CT","Hartford School District","High","Regular school","No","548",""
"2022","090192000357","Burns Latino Studies Academy","CT","Hartford School District","Primary","Regular school","No","224",""
"2022","090192000358","Burr Middle School","CT","Hartford School District","Middle","Regular school","No","277",""
"2022","090192001435","Capital Preparatory Magnet School","CT","Hartford School District","Other","Regular school","No","584",""
"2022","090192001478","Classical Magnet School","CT","Hartford School District","High","Regular school","No","445",""
"2022","090192000360","Dwight-Bellizzi Dual Language Academy","CT","Hartford School District","Primary","Regular school","No","626",""
"2022","090192000366","Environmental Sciences Magnet at Hooker School","CT","Hartford School District","Primary","Regular school","No","556",""
"2022","090192000636","Expeditionary Learning Academy at Moylan School","CT","Hartford School District","Primary","Regular school","No","360",""
"2022","090192001535","Global Communications Academy","CT","Hartford School District","Primary","Regular school","No","444",""
"2022","090192001403","Great Path Academy at MCC","CT","Hartford School District","High","Regular school","No","313",""
"2022","090192001295","Hartford Magnet Trinity College Academy","CT","Hartford School District","High","Regular school","No","963",""
"2022","090192001643","Hartford PreKindergarten Magnet School: North Campus","CT","Hartford School District","Prekindergarten","Regular school","No","80",""
"2022","090192011231","Hartford PreKindergarten Magnet School: South Campus","CT","Hartford School District","Prekindergarten","Regular school","No","114",""
"2022","090192001925","Hartford Public High School","CT","Hartford School District","High","Regular school","No","709",""
"2022","090192000368","Kennelly School","CT","Hartford School District","Primary","Regular school","No","598",""
"2022","090192011232","Kinsella Magnet School of Performing Arts: High School Campu","CT","Hartford School District","High","Regular school","No","140",""
"2022","090192000370","Kinsella Magnet School of Performing Arts: PK-8 Campus","CT","Hartford School District","Primary","Regular school","No","465",""
"2022","090192000364","M. D. Fox School","CT","Hartford School District","Primary","Regular school","No","493",""
"2022","090192000369","M. L. King Jr. Middle School","CT","Hartford School District","Middle","Regular school","No","203",""
"2022","090192000371","McDonough Middle School","CT","Hartford School District","Middle","Regular school","No","317",""
"2022","090192000381","Milner Middle School","CT","Hartford School District","Middle","Regular school","No","284",""
"2022","090192001641","Montessori Magnet at Batchelder School","CT","Hartford School District","Primary","Regular school","No","363",""
"2022","090192001531","Montessori Magnet at Fisher School","CT","Hartford School District","Primary","Regular school","No","343",""
"2022","090192000372","Naylor/CCSU Leadership Academy","CT","Hartford School District","Primary","Regular school","No","357",""
"2022","090192000373","Parkville Community School","CT","Hartford School District","Primary","Regular school","No","396",""
"2022","090192001479","Pathways Academy of Technology and Design","CT","Hartford School District","High","Regular school","No","389",""
"2022","090192000376","Rawson School","CT","Hartford School District","Primary","Regular school","No","231",""
"2022","090192001582","Renzulli Gifted and Talented Academy","CT","Hartford School District","Middle","Regular school","No","119",""
"2022","090192000026","Sanchez School","CT","Hartford School District","Primary","Regular school","No","322",""
"2022","090192000377","SAND School","CT","Hartford School District","Primary","Regular school","No","286",""
"2022","090192001370","Sport and Medical Sciences Academy","CT","Hartford School District","High","Regular school","No","530",""
"2022","090192000362","STEM Magnet at Annie Fisher School","CT","Hartford School District","Primary","Regular school","No","344",""
"2022","090192001381","University High School of Science and Engineering","CT","Hartford School District","High","Regular school","No","412",""
"2022","090192001939","Weaver High School","CT","Hartford School District","High","Regular school","No","643",""
"2022","090192000383","Webster Micro Society Magnet School","CT","Hartford School District","Primary","Regular school","No","615",""
"2022","090192000384","West Middle School","CT","Hartford School District","Primary","Regular school","No","293",""
"2022","090192000385","Wish Museum School","CT","Hartford School District","Primary","Regular school","No","291",""
"2021","090192001192","Betances Learning Lab Magnet School","CT","Hartford School District","Primary","Regular school","No","394","Yes"
"2021","090192001616","Betances STEM Magnet School","CT","Hartford School District","Middle","Regular school","No","227","Yes"
"2021","090192001534","Breakthrough Magnet School North","CT","Hartford School District","Primary","Regular school","No","336","Yes"
"2021","090192001369","Breakthrough Magnet School South","CT","Hartford School District","Primary","Regular school","No","339","Yes"
"2021","090192001572","Bulkeley High School","CT","Hartford School District","High","Regular school","No","616","No"
"2021","090192000357","Burns Latino Studies Academy","CT","Hartford School District","Primary","Regular school","No","232","No"
"2021","090192000358","Burr Middle School","CT","Hartford School District","Middle","Regular school","No","308","No"
"2021","090192001435","Capital Preparatory Magnet School","CT","Hartford School District","Other","Regular school","No","647","Yes"
"2021","090192001478","Classical Magnet School","CT","Hartford School District","High","Regular school","No","452","Yes"
"2021","090192000360","Dwight-Bellizzi Dual Language Academy","CT","Hartford School District","Primary","Regular school","No","594","No"
"2021","090192000366","Environmental Sciences Magnet at Hooker School","CT","Hartford School District","Primary","Regular school","No","552","Yes"
"2021","090192000636","Expeditionary Learning Academy at Moylan School","CT","Hartford School District","Primary","Regular school","No","363","No"
"2021","090192001535","Global Communications Academy","CT","Hartford School District","Primary","Regular school","No","431","No"
"2021","090192001403","Great Path Academy at MCC","CT","Hartford School District","High","Regular school","No","310","Yes"
"2021","090192001295","Hartford Magnet Trinity College Academy","CT","Hartford School District","High","Regular school","No","979","Yes"
"2021","090192001643","Hartford PreKindergarten Magnet School","CT","Hartford School District","Prekindergarten","Regular school","No","189","Yes"
"2021","090192001925","Hartford Public High School","CT","Hartford School District","High","Regular school","No","770","No"
"2021","090192000368","Kennelly School","CT","Hartford School District","Primary","Regular school","No","579","No"
"2021","090192000370","Kinsella Magnet School of Performing Arts","CT","Hartford School District","Other","Regular school","No","652","Yes"
"2021","090192000364","M. D. Fox School","CT","Hartford School District","Primary","Regular school","No","504","No"
"2021","090192000369","M. L. King Jr. Middle School","CT","Hartford School District","Middle","Regular school","No","215","No"
"2021","090192000371","McDonough Middle School","CT","Hartford School District","Middle","Regular school","No","316","No"
"2021","090192000381","Milner Middle School","CT","Hartford School District","Middle","Regular school","No","312","No"
"2021","090192001641","Montessori Magnet at Batchelder School","CT","Hartford School District","Primary","Regular school","No","362","Yes"
"2021","090192001531","Montessori Magnet at Fisher School","CT","Hartford School District","Primary","Regular school","No","333","Yes"
"2021","090192000372","Naylor/CCSU Leadership Academy","CT","Hartford School District","Primary","Regular school","No","389","No"
"2021","090192000373","Parkville Community School","CT","Hartford School District","Primary","Regular school","No","416","No"
"2021","090192001479","Pathways Academy of Technology and Design","CT","Hartford School District","High","Regular school","No","410","Yes"
"2021","090192000376","Rawson School","CT","Hartford School District","Primary","Regular school","No","224","No"
"2021","090192001582","Renzulli Gifted and Talented Academy","CT","Hartford School District","Middle","Regular school","No","116","No"
"2021","090192000026","Sanchez School","CT","Hartford School District","Primary","Regular school","No","324","No"
"2021","090192000377","SAND School","CT","Hartford School District","Primary","Regular school","No","291","No"
"2021","090192001370","Sport and Medical Sciences Academy","CT","Hartford School District","High","Regular school","No","579","Yes"
"2021","090192000362","STEM Magnet at Annie Fisher School","CT","Hartford School District","Primary","Regular school","No","352","Yes"
"2021","090192001381","University High School of Science and Engineering","CT","Hartford School District","High","Regular school","No","413","Yes"
"2021","090192001939","Weaver High School","CT","Hartford School District","High","Regular school","No","625","No"
"2021","090192000383","Webster Micro Society Magnet School","CT","Hartford School District","Primary","Regular school","No","629","Yes"
"2021","090192000384","West Middle School","CT","Hartford School District","Primary","Regular school","No","295","No"
"2021","090192000385","Wish Museum School","CT","Hartford School District","Primary","Regular school","No","289","No"
"2020","090192001192","Betances Learning Lab Magnet School","CT","Hartford School District","Primary","Regular school","No","438","Yes"
"2020","090192001616","Betances STEM Magnet School","CT","Hartford School District","Middle","Regular school","No","229","Yes"
"2020","090192001534","Breakthrough Magnet School North","CT","Hartford School District","Primary","Regular school","No","344","Yes"
"2020","090192001369","Breakthrough Magnet School South","CT","Hartford School District","Primary","Regular school","No","341","Yes"
"2020","090192001572","Bulkeley High School","CT","Hartford School District","High","Regular school","No","592","No"
"2020","090192000357","Burns Latino Studies Academy","CT","Hartford School District","Primary","Regular school","No","241","No"
"2020","090192000358","Burr Middle School","CT","Hartford School District","Middle","Regular school","No","324","No"
"2020","090192001435","Capital Preparatory Magnet School","CT","Hartford School District","Other","Regular school","No","660","Yes"
"2020","090192001478","Classical Magnet School","CT","Hartford School District","High","Regular school","No","451","Yes"
"2020","090192000360","Dwight-Bellizzi Dual Language Academy","CT","Hartford School District","Primary","Regular school","No","566","No"
"2020","090192000366","Environmental Sciences Magnet at Hooker School","CT","Hartford School District","Primary","Regular school","No","573","Yes"
"2020","090192000636","Expeditionary Learning Academy at Moylan School","CT","Hartford School District","Primary","Regular school","No","416","No"
"2020","090192001535","Global Communications Academy","CT","Hartford School District","Primary","Regular school","No","438","No"
"2020","090192001403","Great Path Academy at MCC","CT","Hartford School District","High","Regular school","No","308","Yes"
"2020","090192001295","Hartford Magnet Trinity College Academy","CT","Hartford School District","High","Regular school","No","1026","Yes"
"2020","090192001643","Hartford PreKindergarten Magnet School","CT","Hartford School District","Prekindergarten","Regular school","No","180","Yes"
"2020","090192001925","Hartford Public High School","CT","Hartford School District","High","Regular school","No","844","No"
"2020","090192000368","Kennelly School","CT","Hartford School District","Primary","Regular school","No","605","No"
"2020","090192000370","Kinsella Magnet School of Performing Arts","CT","Hartford School District","Other","Regular school","No","712","Yes"
"2020","090192000364","M. D. Fox School","CT","Hartford School District","Primary","Regular school","No","525","No"
"2020","090192000369","M. L. King Jr. Middle School","CT","Hartford School District","Middle","Regular school","No","274","No"
"2020","090192000371","McDonough Middle School","CT","Hartford School District","Middle","Regular school","No","345","No"
"2020","090192000381","Milner Middle School","CT","Hartford School District","Middle","Regular school","No","328","No"
"2020","090192001641","Montessori Magnet at Batchelder School","CT","Hartford School District","Primary","Regular school","No","372","Yes"
"2020","090192001531","Montessori Magnet at Fisher School","CT","Hartford School District","Primary","Regular school","No","360","Yes"
"2020","090192000372","Naylor/CCSU Leadership Academy","CT","Hartford School District","Primary","Regular school","No","388","No"
"2020","090192000373","Parkville Community School","CT","Hartford School District","Primary","Regular school","No","385","No"
"2020","090192001479","Pathways Academy of Technology and Design","CT","Hartford School District","High","Regular school","No","425","Yes"
"2020","090192000376","Rawson School","CT","Hartford School District","Primary","Regular school","No","255","No"
"2020","090192001582","Renzulli Gifted and Talented Academy","CT","Hartford School District","Middle","Regular school","No","122","No"
"2020","090192000026","Sanchez School","CT","Hartford School District","Primary","Regular school","No","344","No"
"2020","090192000377","SAND School","CT","Hartford School District","Primary","Regular school","No","286","No"
"2020","090192001370","Sport and Medical Sciences Academy","CT","Hartford School District","High","Regular school","No","606","Yes"
"2020","090192000362","STEM Magnet at Annie Fisher School","CT","Hartford School District","Primary","Regular school","No","342","Yes"
"2020","090192001381","University High School of Science and Engineering","CT","Hartford School District","High","Regular school","No","431","Yes"
"2020","090192001939","Weaver High School","CT","Hartford School District","High","Regular school","No","544","No"
"2020","090192000383","Webster Micro Society Magnet School","CT","Hartford School District","Primary","Regular school","No","642","Yes"
"2020","090192000384","West Middle School","CT","Hartford School District","Primary","Regular school","No","262","No"
"2020","090192000385","Wish Museum School","CT","Hartford School District","Primary","Regular school","No","285","No"
"2019","090192000360","Bellizzi School","CT","Hartford School District","Primary","Regular school","No","555","No"
"2019","090192001192","Betances Learning Lab Magnet School","CT","Hartford School District","Primary","Regular school","No","411","Yes"
"2019","090192001616","Betances STEM Magnet School","CT","Hartford School District","Middle","Regular school","No","253","Yes"
"2019","090192001534","Breakthrough Magnet School North","CT","Hartford School District","Primary","Regular school","No","325","Yes"
"2019","090192001369","Breakthrough Magnet School South","CT","Hartford School District","Primary","Regular school","No","327","Yes"
"2019","090192001572","Bulkeley High School","CT","Hartford School District","High","Regular school","No","562","No"
"2019","090192000357","Burns Latino Studies Academy","CT","Hartford School District","Primary","Regular school","No","272","No"
"2019","090192000358","Burr School","CT","Hartford School District","Primary","Regular school","No","579","No"
"2019","090192001650","Capital Community College Magnet Academy","CT","Hartford School District","Missing/not reported","Regular school","No","",""
"2019","090192001435","Capital Preparatory Magnet School","CT","Hartford School District","Other","Regular school","No","631","Yes"
"2019","090192001478","Classical Magnet School","CT","Hartford School District","High","Regular school","No","428","Yes"
"2019","090192001522","Culinary Arts Academy at Weaver High School","CT","Hartford School District","Missing/not reported","Regular school","No","",""
"2019","090192000366","Environmental Sciences Magnet at Hooker School","CT","Hartford School District","Primary","Regular school","No","606","Yes"
"2019","090192000636","Expeditionary Learning Academy at Moylan School","CT","Hartford School District","Primary","Regular school","No","510","No"
"2019","090192001535","Global Communications Academy","CT","Hartford School District","Other","Regular school","No","583","No"
"2019","090192001403","Great Path Academy at MCC","CT","Hartford School District","High","Regular school","No","320","Yes"
"2019","090192001295","Hartford Magnet Trinity College Academy","CT","Hartford School District","High","Regular school","No","1046","Yes"
"2019","090192001643","Hartford PreKindergarten Magnet School","CT","Hartford School District","Prekindergarten","Regular school","No","161","Yes"
"2019","090192001925","Hartford Public High School","CT","Hartford School District","High","Regular school","No","976","No"
"2019","090192001552","High School Inc.","CT","Hartford School District","Missing/not reported","Regular school","No","",""
"2019","090192001574","HPHS Engineering and Green Technology Academy","CT","Hartford School District","Missing/not reported","Regular school","No","",""
"2019","090192001576","HPHS Law and Government Academy","CT","Hartford School District","Missing/not reported","Regular school","No","",""
"2019","090192001559","HPHS Nursing and Health Sciences Academy","CT","Hartford School District","Missing/not reported","Regular school","No","",""
"2019","090192001562","Journalism and Media Academy","CT","Hartford School District","Missing/not reported","Regular school","No","",""
"2019","090192000368","Kennelly School","CT","Hartford School District","Primary","Regular school","No","644","No"
"2019","090192000370","Kinsella Magnet School of Performing Arts","CT","Hartford School District","Other","Regular school","No","711","Yes"
"2019","090192000364","M. D. Fox School","CT","Hartford School District","Primary","Regular school","No","583","No"
"2019","090192000369","M. L. King Jr. Middle School","CT","Hartford School District","Middle","Regular school","No","169","No"
"2019","090192000371","McDonough Middle School","CT","Hartford School District","Middle","Regular school","No","391","No"
"2019","090192000381","Milner Middle School","CT","Hartford School District","Middle","Regular school","No","320","No"
"2019","090192001641","Montessori Magnet at Batchelder School","CT","Hartford School District","Primary","Regular school","No","366","Yes"
"2019","090192001531","Montessori Magnet at Fisher School","CT","Hartford School District","Primary","Regular school","No","358","Yes"
"2019","090192000372","Naylor/CCSU Leadership Academy","CT","Hartford School District","Primary","Regular school","No","423","No"
"2019","090192000373","Parkville Community School","CT","Hartford School District","Primary","Regular school","No","432","No"
"2019","090192001479","Pathways Academy of Technology and Design","CT","Hartford School District","High","Regular school","No","403","Yes"
"2019","090192000376","Rawson School","CT","Hartford School District","Primary","Regular school","No","332","No"
"2019","090192001582","Renzulli Gifted and Talented Academy","CT","Hartford School District","Middle","Regular school","No","129","No"
"2019","090192000026","Sanchez School","CT","Hartford School District","Primary","Regular school","No","381","No"
"2019","090192000377","SAND School","CT","Hartford School District","Primary","Regular school","No","333","No"
"2019","090192001370","Sport and Medical Sciences Academy","CT","Hartford School District","High","Regular school","No","643","Yes"
"2019","090192000362","STEM Magnet at Annie Fisher School","CT","Hartford School District","Primary","Regular school","No","337","Yes"
"2019","090192001381","University High School of Science and Engineering","CT","Hartford School District","High","Regular school","No","429","Yes"
"2019","090192000383","Webster Micro Society Magnet School","CT","Hartford School District","Primary","Regular school","No","635","Yes"
"2019","090192000384","West Middle School","CT","Hartford School District","Primary","Regular school","No","462","No"
"2019","090192000385","Wish Museum School","CT","Hartford School District","Primary","Regular school","No","332","No"
"2018","090192000360","Asian Studies Academy at Bellizzi School","CT","HARTFORD SCHOOL DISTRICT","Primary","Regular school","No","596","No"
"2018","090192000355","Batchelder School","CT","HARTFORD SCHOOL DISTRICT","Missing/not reported","Regular school","No","",""
"2018","090192001192","Betances Early Reading Lab Magnet School","CT","HARTFORD SCHOOL DISTRICT","Primary","Regular school","No","391","Yes"
"2018","090192001616","Betances STEM Magnet School","CT","HARTFORD SCHOOL DISTRICT","Middle","Regular school","No","307","Yes"
"2018","090192001534","Breakthrough Magnet School North","CT","HARTFORD SCHOOL DISTRICT","Primary","Regular school","No","296","Yes"
"2018","090192001369","Breakthrough Magnet School South","CT","HARTFORD SCHOOL DISTRICT","Primary","Regular school","No","350","Yes"
"2018","090192001572","Bulkeley High School","CT","HARTFORD SCHOOL DISTRICT","High","Regular school","No","680","No"
"2018","090192000357","Burns Latino Studies Academy","CT","HARTFORD SCHOOL DISTRICT","Primary","Regular school","No","467","No"
"2018","090192000358","Burr School","CT","HARTFORD SCHOOL DISTRICT","Primary","Regular school","No","546","No"
"2018","090192001650","Capital Community College Magnet Academy","CT","HARTFORD SCHOOL DISTRICT","High","Regular school","No","11","Yes"
"2018","090192001435","Capital Preparatory Magnet School","CT","HARTFORD SCHOOL DISTRICT","Other","Regular school","No","523","Yes"
"2018","090192001478","Classical Magnet School","CT","HARTFORD SCHOOL DISTRICT","High","Regular school","No","532","Yes"
"2018","090192001522","Culinary Arts Academy at Weaver High School","CT","HARTFORD SCHOOL DISTRICT","High","Regular school","No","24","No"
"2018","090192000366","Environmental Sciences Magnet at Hooker School","CT","HARTFORD SCHOOL DISTRICT","Primary","Regular school","No","607","Yes"
"2018","090192000636","Expeditionary Learning Academy at Moylan School","CT","HARTFORD SCHOOL DISTRICT","Primary","Regular school","No","551","No"
"2018","090192001535","Global Communications Academy","CT","HARTFORD SCHOOL DISTRICT","Other","Regular school","No","599","No"
"2018","090192001403","Great Path Academy at MCC","CT","HARTFORD SCHOOL DISTRICT","High","Regular school","No","326","Yes"
"2018","090192001295","Hartford Magnet Trinity College Academy","CT","HARTFORD SCHOOL DISTRICT","High","Regular school","No","1057","Yes"
"2018","090192001643","Hartford PreKindergarten Magnet School","CT","HARTFORD SCHOOL DISTRICT","Prekindergarten","Regular school","No","151","Yes"
"2018","090192001552","High School Inc.","CT","HARTFORD SCHOOL DISTRICT","High","Regular school","No","190","No"
"2018","090192001574","HPHS Engineering and Green Technology Academy","CT","HARTFORD SCHOOL DISTRICT","High","Regular school","No","370","No"
"2018","090192001576","HPHS Law and Government Academy","CT","HARTFORD SCHOOL DISTRICT","High","Regular school","No","324","No"
"2018","090192001559","HPHS Nursing and Health Sciences Academy","CT","HARTFORD SCHOOL DISTRICT","High","Regular school","No","344","No"
"2018","090192001562","Journalism and Media Academy","CT","HARTFORD SCHOOL DISTRICT","High","Regular school","No","170","No"
"2018","090192000368","Kennelly School","CT","HARTFORD SCHOOL DISTRICT","Primary","Regular school","No","626","No"
"2018","090192000370","Kinsella Magnet School of Performing Arts","CT","HARTFORD SCHOOL DISTRICT","Other","Regular school","No","833","Yes"
"2018","090192000364","M. D. Fox School","CT","HARTFORD SCHOOL DISTRICT","Primary","Regular school","No","592","No"
"2018","090192000369","M. L. King Jr. Middle School","CT","HARTFORD SCHOOL DISTRICT","Middle","Regular school","No","182","No"
"2018","090192000371","McDonough Middle School","CT","HARTFORD SCHOOL DISTRICT","Middle","Regular school","No","294","No"
"2018","090192000381","Milner School","CT","HARTFORD SCHOOL DISTRICT","Primary","Regular school","No","329","No"
"2018","090192001531","Montessori Magnet at Fisher School","CT","HARTFORD SCHOOL DISTRICT","Primary","Regular school","No","352","Yes"
"2018","090192001641","Montessori Magnet at Moylan School","CT","HARTFORD SCHOOL DISTRICT","Primary","Regular school","No","345","Yes"
"2018","090192000372","Naylor/CCSU Leadership Academy","CT","HARTFORD SCHOOL DISTRICT","Primary","Regular school","No","521","No"
"2018","090192000373","Parkville Community School","CT","HARTFORD SCHOOL DISTRICT","Primary","Regular school","No","451","No"
"2018","090192001479","Pathways Academy of Technology and Design","CT","HARTFORD SCHOOL DISTRICT","High","Regular school","No","428","Yes"
"2018","090192000376","Rawson School","CT","HARTFORD SCHOOL DISTRICT","Primary","Regular school","No","362","No"
"2018","090192001582","Renzulli Gifted and Talented Academy","CT","HARTFORD SCHOOL DISTRICT","Middle","Regular school","No","123","No"
"2018","090192000026","Sanchez School","CT","HARTFORD SCHOOL DISTRICT","Primary","Regular school","No","424","No"
"2018","090192000377","SAND School","CT","HARTFORD SCHOOL DISTRICT","Primary","Regular school","No","395","No"
"2018","090192000378","Simpson-Waverly School","CT","HARTFORD SCHOOL DISTRICT","Missing/not reported","Regular school","No","",""
"2018","090192001370","Sport and Medical Sciences Academy","CT","HARTFORD SCHOOL DISTRICT","High","Regular school","No","679","Yes"
"2018","090192000362","STEM Magnet at Fisher School","CT","HARTFORD SCHOOL DISTRICT","Primary","Regular school","No","366","Yes"
"2018","090192001381","University High School of Science and Engineering","CT","HARTFORD SCHOOL DISTRICT","High","Regular school","No","431","Yes"
"2018","090192000383","Webster Micro Society Magnet School","CT","HARTFORD SCHOOL DISTRICT","Primary","Regular school","No","622","Yes"
"2018","090192000384","West Middle School","CT","HARTFORD SCHOOL DISTRICT","Primary","Regular school","No","480","No"
"2018","090192000385","Wish Museum School","CT","HARTFORD SCHOOL DISTRICT","Primary","Regular school","No","502","No"
"2017","090192000360","Asian Studies Academy at Bellizzi School","CT","HARTFORD SCHOOL DISTRICT","Primary","Regular school","No","623","No"
"2017","090192000355","Batchelder School","CT","HARTFORD SCHOOL DISTRICT","Primary","Regular school","No","397","No"
"2017","090192001192","Betances Early Reading Lab Magnet School","CT","HARTFORD SCHOOL DISTRICT","Primary","Regular school","No","384","Yes"
"2017","090192001616","Betances STEM Magnet School","CT","HARTFORD SCHOOL DISTRICT","Middle","Regular school","No","288","Yes"
"2017","090192001534","Breakthrough Magnet School North","CT","HARTFORD SCHOOL DISTRICT","Primary","Regular school","No","290","Yes"
"2017","090192001369","Breakthrough Magnet School South","CT","HARTFORD SCHOOL DISTRICT","Primary","Regular school","No","358","Yes"
"2017","090192001572","Bulkeley High School","CT","HARTFORD SCHOOL DISTRICT","High","Regular school","No","631","No"
"2017","090192000357","Burns Latino Studies Academy","CT","HARTFORD SCHOOL DISTRICT","Primary","Regular school","No","439","No"
"2017","090192000358","Burr School","CT","HARTFORD SCHOOL DISTRICT","Primary","Regular school","No","542","No"
"2017","090192001650","Capital Community College Magnet Academy","CT","HARTFORD SCHOOL DISTRICT","High","Regular school","No","33","Yes"
"2017","090192001435","Capital Preparatory Magnet School","CT","HARTFORD SCHOOL DISTRICT","Other","Regular school","No","489","Yes"
"2017","090192001478","Classical Magnet School","CT","HARTFORD SCHOOL DISTRICT","High","Regular school","No","523","Yes"
"2017","090192001522","Culinary Arts Academy at Weaver High School","CT","HARTFORD SCHOOL DISTRICT","High","Regular school","No","73","No"
"2017","090192001879","DDP - Simpson-Waverly School","CT","HARTFORD SCHOOL DISTRICT","Prekindergarten","Regular school","No","",""
"2017","090192000366","Environmental Sciences Magnet at Hooker School","CT","HARTFORD SCHOOL DISTRICT","Primary","Regular school","No","613","Yes"
"2017","090192000636","Expeditionary Learning Academy at Moylan School","CT","HARTFORD SCHOOL DISTRICT","Primary","Regular school","No","474","No"
"2017","090192001535","Global Communications Academy","CT","HARTFORD SCHOOL DISTRICT","Other","Regular school","No","629","No"
"2017","090192001403","Great Path Academy at MCC","CT","HARTFORD SCHOOL DISTRICT","High","Regular school","No","320","Yes"
"2017","090192001295","Hartford Magnet Trinity College Academy","CT","HARTFORD SCHOOL DISTRICT","High","Regular school","No","1069","Yes"
"2017","090192001643","Hartford PreKindergarten Magnet School","CT","HARTFORD SCHOOL DISTRICT","Prekindergarten","Regular school","No","156","Yes"
"2017","090192001552","High School Inc.","CT","HARTFORD SCHOOL DISTRICT","High","Regular school","No","219","No"
"2017","090192001574","HPHS Engineering and Green Technology Academy","CT","HARTFORD SCHOOL DISTRICT","High","Regular school","No","344","No"
"2017","090192001576","HPHS Law and Government Academy","CT","HARTFORD SCHOOL DISTRICT","High","Regular school","No","360","No"
"2017","090192001559","HPHS Nursing and Health Sciences Academy","CT","HARTFORD SCHOOL DISTRICT","High","Regular school","No","371","No"
"2017","090192001562","Journalism and Media Academy","CT","HARTFORD SCHOOL DISTRICT","High","Regular school","No","211","No"
"2017","090192000368","Kennelly School","CT","HARTFORD SCHOOL DISTRICT","Primary","Regular school","No","534","No"
"2017","090192000370","Kinsella Magnet School of Performing Arts","CT","HARTFORD SCHOOL DISTRICT","Other","Regular school","No","884","Yes"
"2017","090192000364","M. D. Fox School","CT","HARTFORD SCHOOL DISTRICT","Primary","Regular school","No","610","No"
"2017","090192000369","M. L. King Jr. School","CT","HARTFORD SCHOOL DISTRICT","Primary","Regular school","No","236","No"
"2017","090192000371","McDonough Middle School","CT","HARTFORD SCHOOL DISTRICT","Middle","Regular school","No","237","No"
"2017","090192000381","Milner School","CT","HARTFORD SCHOOL DISTRICT","Primary","Regular school","No","309","No"
"2017","090192001531","Montessori Magnet at Fisher School","CT","HARTFORD SCHOOL DISTRICT","Primary","Regular school","No","343","Yes"
"2017","090192001641","Montessori Magnet at Moylan School","CT","HARTFORD SCHOOL DISTRICT","Primary","Regular school","No","306","Yes"
"2017","090192000372","Naylor/CCSU Leadership Academy","CT","HARTFORD SCHOOL DISTRICT","Primary","Regular school","No","614","No"
"2017","090192000373","Parkville Community School","CT","HARTFORD SCHOOL DISTRICT","Primary","Regular school","No","485","No"
"2017","090192001479","Pathways Academy of Technology and Design","CT","HARTFORD SCHOOL DISTRICT","High","Regular school","No","432","Yes"
"2017","090192000376","Rawson School","CT","HARTFORD SCHOOL DISTRICT","Primary","Regular school","No","357","No"
"2017","090192001582","Renzulli Gifted and Talented Academy","CT","HARTFORD SCHOOL DISTRICT","Middle","Regular school","No","134","No"
"2017","090192000026","Sanchez School","CT","HARTFORD SCHOOL DISTRICT","Primary","Regular school","No","364","No"
"2017","090192000377","SAND School","CT","HARTFORD SCHOOL DISTRICT","Primary","Regular school","No","358","No"
"2017","090192000378","Simpson-Waverly School","CT","HARTFORD SCHOOL DISTRICT","Primary","Regular school","No","251","No"
"2017","090192001370","Sport and Medical Sciences Academy","CT","HARTFORD SCHOOL DISTRICT","High","Regular school","No","700","Yes"
"2017","090192000362","STEM Magnet at Fisher School","CT","HARTFORD SCHOOL DISTRICT","Primary","Regular school","No","363","Yes"
"2017","090192001381","University High School of Science and Engineering","CT","HARTFORD SCHOOL DISTRICT","High","Regular school","No","439","Yes"
"2017","090192000383","Webster Micro Society Magnet School","CT","HARTFORD SCHOOL DISTRICT","Primary","Regular school","No","613","Yes"
"2017","090192000384","West Middle School","CT","HARTFORD SCHOOL DISTRICT","Primary","Regular school","No","437","No"
"2017","090192000385","Wish Museum School","CT","HARTFORD SCHOOL DISTRICT","Primary","Regular school","No","395","No"
"2016","090192000360","Asian Studies Academy at Bellizzi School","CT","HARTFORD SCHOOL DISTRICT","Primary","Regular school","No","634","No"
"2016","090192000355","Batchelder School","CT","HARTFORD SCHOOL DISTRICT","Primary","Regular school","No","433","No"
"2016","090192001192","Betances Early Reading Lab Magnet School","CT","HARTFORD SCHOOL DISTRICT","Primary","Regular school","No","300","Yes"
"2016","090192001616","Betances STEM Magnet School","CT","HARTFORD SCHOOL DISTRICT","Primary","Regular school","No","375","Yes"
"2016","090192001534","Breakthrough II Magnet School","CT","HARTFORD SCHOOL DISTRICT","Primary","Regular school","No","266","Yes"
"2016","090192001369","Breakthrough Magnet School","CT","HARTFORD SCHOOL DISTRICT","Primary","Regular school","No","360","Yes"
"2016","090192000356","Bulkeley High School Lower School","CT","HARTFORD SCHOOL DISTRICT","Missing/not reported","Regular school","No","",""
"2016","090192001572","Bulkeley High School","CT","HARTFORD SCHOOL DISTRICT","High","Regular school","No","688","No"
"2016","090192000357","Burns Latino Studies Academy","CT","HARTFORD SCHOOL DISTRICT","Primary","Regular school","No","496","No"
"2016","090192000358","Burr School","CT","HARTFORD SCHOOL DISTRICT","Primary","Regular school","No","616","No"
"2016","090192001650","Capital Community College Magnet Academy","CT","HARTFORD SCHOOL DISTRICT","High","Regular school","No","57","Yes"
"2016","090192001435","Capital Preparatory Magnet School","CT","HARTFORD SCHOOL DISTRICT","Other","Regular school","No","556","Yes"
"2016","090192000359","Clark School","CT","HARTFORD SCHOOL DISTRICT","Missing/not reported","Regular school","No","",""
"2016","090192001478","Classical Magnet School","CT","HARTFORD SCHOOL DISTRICT","Other","Regular school","No","560","Yes"
"2016","090192001522","Culinary Arts Academy at Weaver High School","CT","HARTFORD SCHOOL DISTRICT","High","Regular school","No","168","No"
"2016","090192001879","DDP - Simpson-Waverly School","CT","HARTFORD SCHOOL DISTRICT","Primary","Regular school","No","10","No"
"2016","090192000366","Environmental Sciences Magnet at Hooker School","CT","HARTFORD SCHOOL DISTRICT","Primary","Regular school","No","610","Yes"
"2016","090192000636","Expeditionary Learning Academy at Moylan School","CT","HARTFORD SCHOOL DISTRICT","Primary","Regular school","No","501","No"
"2016","090192001535","Global Communications Academy","CT","HARTFORD SCHOOL DISTRICT","Other","Regular school","No","617","No"
"2016","090192001403","Great Path Academy at MCC","CT","HARTFORD SCHOOL DISTRICT","High","Regular school","No","272","Yes"
"2016","090192001295","Hartford Magnet Trinity College Academy","CT","HARTFORD SCHOOL DISTRICT","Other","Regular school","No","1024","Yes"
"2016","090192001643","Hartford PreKindergarten Magnet School","CT","HARTFORD SCHOOL DISTRICT","Primary","Regular school","No","157","Yes"
"2016","090192001552","High School Inc.","CT","HARTFORD SCHOOL DISTRICT","High","Regular school","No","236","No"
"2016","090192001574","HPHS Engineering and Green Technology Academy","CT","HARTFORD SCHOOL DISTRICT","High","Regular school","No","346","No"
"2016","090192001576","HPHS Law and Government Academy","CT","HARTFORD SCHOOL DISTRICT","High","Regular school","No","314","No"
"2016","090192001559","HPHS Nursing and Health Sciences Academy","CT","HARTFORD SCHOOL DISTRICT","High","Regular school","No","383","No"
"2016","090192001562","Journalism and Media Academy Magnet School","CT","HARTFORD SCHOOL DISTRICT","High","Regular school","No","190","Yes"
"2016","090192000368","Kennelly School","CT","HARTFORD SCHOOL DISTRICT","Primary","Regular school","No","558","No"
"2016","090192000370","Kinsella Magnet School of Performing Arts","CT","HARTFORD SCHOOL DISTRICT","Other","Regular school","No","913","Yes"
"2016","090192000364","M. D. Fox School","CT","HARTFORD SCHOOL DISTRICT","Primary","Regular school","No","647","No"
"2016","090192000369","M. L. King Jr. School","CT","HARTFORD SCHOOL DISTRICT","Primary","Regular school","No","294","No"
"2016","090192000371","McDonough Middle School","CT","HARTFORD SCHOOL DISTRICT","Middle","Regular school","No","261","No"
"2016","090192000381","Milner School","CT","HARTFORD SCHOOL DISTRICT","Primary","Regular school","No","292","No"
"2016","090192001531","Montessori Magnet at Fisher School","CT","HARTFORD SCHOOL DISTRICT","Primary","Regular school","No","336","Yes"
"2016","090192001641","Montessori Magnet at Moylan School","CT","HARTFORD SCHOOL DISTRICT","Primary","Regular school","No","304","Yes"
"2016","090192000372","Naylor/CCSU Leadership Academy","CT","HARTFORD SCHOOL DISTRICT","Primary","Regular school","No","636","No"
"2016","090192000373","Parkville Community School","CT","HARTFORD SCHOOL DISTRICT","Primary","Regular school","No","534","No"
"2016","090192001479","Pathways Academy of Technology and Design","CT","HARTFORD SCHOOL DISTRICT","High","Regular school","No","421","Yes"
"2016","090192000376","Rawson School","CT","HARTFORD SCHOOL DISTRICT","Primary","Regular school","No","383","No"
"2016","090192001582","Renzulli Gifted and Talented Academy","CT","HARTFORD SCHOOL DISTRICT","Primary","Regular school","No","131","No"
"2016","090192000026","Sanchez School","CT","HARTFORD SCHOOL DISTRICT","Primary","Regular school","No","396","No"
"2016","090192000377","SAND School","CT","HARTFORD SCHOOL DISTRICT","Primary","Regular school","No","362","No"
"2016","090192000378","Simpson-Waverly School","CT","HARTFORD SCHOOL DISTRICT","Primary","Regular school","No","314","No"
"2016","090192001370","Sports and Medical Sciences Academy","CT","HARTFORD SCHOOL DISTRICT","Other","Regular school","No","709","Yes"
"2016","090192000362","STEM Magnet at Fisher School","CT","HARTFORD SCHOOL DISTRICT","Primary","Regular school","No","366","Yes"
"2016","090192001381","University High School of Science and Engineering","CT","HARTFORD SCHOOL DISTRICT","High","Regular school","No","431","Yes"
"2016","090192000383","Webster Micro Society Magnet School","CT","HARTFORD SCHOOL DISTRICT","Primary","Regular school","No","633","Yes"
"2016","090192000384","West Middle School","CT","HARTFORD SCHOOL DISTRICT","Primary","Regular school","No","449","No"
"2016","090192000385","Wish Museum School","CT","HARTFORD SCHOOL DISTRICT","Primary","Regular school","No","429","No"
"2015","090192000360","Asian Studies Academy at Bellizzi School","CT","HARTFORD SCHOOL DISTRICT","Primary","Regular school","No","649","No"
"2015","090192000355","Batchelder School","CT","HARTFORD SCHOOL DISTRICT","Primary","Regular school","No","478","No"
"2015","090192001616","Betances STEM Magnet School","CT","HARTFORD SCHOOL DISTRICT","Middle","Regular school","No","309","Yes"
"2015","090192001534","Breakthrough II Elementary School","CT","HARTFORD SCHOOL DISTRICT","Primary","Regular school","No","280","Yes"
"2015","090192001369","Breakthrough Magnet School","CT","HARTFORD SCHOOL DISTRICT","Primary","Regular school","No","355","Yes"
"2015","090192000356","Bulkeley High School Lower School","CT","HARTFORD SCHOOL DISTRICT","Other","Regular school","No","412","No"
"2015","090192001572","Bulkeley High School","CT","HARTFORD SCHOOL DISTRICT","High","Regular school","No","379","No"
"2015","090192000357","Burns Latino Studies Academy","CT","HARTFORD SCHOOL DISTRICT","Primary","Regular school","No","520","No"
"2015","090192000358","Burr School","CT","HARTFORD SCHOOL DISTRICT","Primary","Regular school","No","590","No"
"2015","090192001650","Capital Community College Magnet Academy","CT","HARTFORD SCHOOL DISTRICT","High","Regular school","No","56","Yes"
"2015","090192001435","Capital Preparatory Magnet School","CT","HARTFORD SCHOOL DISTRICT","Other","Regular school","No","629","Yes"
"2015","090192000359","Clark School","CT","HARTFORD SCHOOL DISTRICT","Primary","Regular school","No","246","No"
"2015","090192001478","Classical Magnet School","CT","HARTFORD SCHOOL DISTRICT","Other","Regular school","No","663","Yes"
"2015","090192001522","Culinary Arts Academy","CT","HARTFORD SCHOOL DISTRICT","High","Regular school","No","285","No"
"2015","090192001879","DDP - Simpson-Waverly School","CT","HARTFORD SCHOOL DISTRICT","Primary","Regular school","No","4","No"
"2015","090192000372","Dr. James H Naylor/CCSU Leadership Academy","CT","HARTFORD SCHOOL DISTRICT","Primary","Regular school","No","660","No"
"2015","090192001192","Dr. Ramon E. Betances Early Reading Lab","CT","HARTFORD SCHOOL DISTRICT","Primary","Regular school","No","279","Yes"
"2015","090192000366","Environmental Sciences Magnet School at Mary M Hooker","CT","HARTFORD SCHOOL DISTRICT","Primary","Regular school","No","613","Yes"
"2015","090192000636","Expeditionary Learning Academy at Moylan School","CT","HARTFORD SCHOOL DISTRICT","Primary","Regular school","No","532","No"
"2015","090192000385","Fred D. Wish Museum School","CT","HARTFORD SCHOOL DISTRICT","Primary","Regular school","No","304","No"
"2015","090192001535","Global Communications Academy","CT","HARTFORD SCHOOL DISTRICT","Other","Regular school","No","661","No"
"2015","090192001403","Great Path Academy High School at MCC","CT","HARTFORD SCHOOL DISTRICT","High","Regular school","No","268","Yes"
"2015","090192001295","Hartford Magnet Trinity College Academy","CT","HARTFORD SCHOOL DISTRICT","Other","Regular school","No","1022","Yes"
"2015","090192001643","Hartford PreKindergarten Magnet School","CT","HARTFORD SCHOOL DISTRICT","Primary","Regular school","No","143","Yes"
"2015","090192001552","High School Inc.","CT","HARTFORD SCHOOL DISTRICT","High","Regular school","No","233","No"
"2015","090192001574","HPHS Academy of Engineering and Green Technology","CT","HARTFORD SCHOOL DISTRICT","High","Regular school","No","304","No"
"2015","090192001559","HPHS Academy of Nursing and Health Science","CT","HARTFORD SCHOOL DISTRICT","High","Regular school","No","362","No"
"2015","090192001576","HPHS Law and Government Academy","CT","HARTFORD SCHOOL DISTRICT","High","Regular school","No","367","No"
"2015","090192001562","Journalism and Media Academy Magnet School","CT","HARTFORD SCHOOL DISTRICT","High","Regular school","No","207","Yes"
"2015","090192000368","Kennelly School","CT","HARTFORD SCHOOL DISTRICT","Primary","Regular school","No","571","No"
"2015","090192000364","M. D. Fox Elementary School","CT","HARTFORD SCHOOL DISTRICT","Primary","Regular school","No","621","No"
"2015","090192000369","M. L. King Jr. School","CT","HARTFORD SCHOOL DISTRICT","Primary","Regular school","No","356","No"
"2015","090192000371","McDonough Expeditionary Learning School","CT","HARTFORD SCHOOL DISTRICT","Middle","Regular school","No","239","No"
"2015","090192000381","Milner School","CT","HARTFORD SCHOOL DISTRICT","Primary","Regular school","No","334","No"
"2015","090192001531","Montessori Magnet at Fisher School","CT","HARTFORD SCHOOL DISTRICT","Primary","Regular school","No","340","Yes"
"2015","090192001641","Montessori Magnet at Moylan School","CT","HARTFORD SCHOOL DISTRICT","Primary","Regular school","No","259","Yes"
"2015","090192000383","Noah Webster Micro Society School","CT","HARTFORD SCHOOL DISTRICT","Primary","Regular school","No","660","Yes"
"2015","090192001553","OPPortunity High School","CT","HARTFORD SCHOOL DISTRICT","Not applicable","Regular school","No","",""
"2015","090192000373","Parkville Community School","CT","HARTFORD SCHOOL DISTRICT","Primary","Regular school","No","537","No"
"2015","090192001479","Pathways Academy of Technology and Design","CT","HARTFORD SCHOOL DISTRICT","High","Regular school","No","419","Yes"
"2015","090192000370","R.J. Kinsella Magnet School of Performing Arts","CT","HARTFORD SCHOOL DISTRICT","Other","Regular school","No","910","Yes"
"2015","090192001582","Renzulli Gifted and Talented Academy","CT","HARTFORD SCHOOL DISTRICT","Middle","Regular school","No","99","No"
"2015","090192000026","Sanchez School","CT","HARTFORD SCHOOL DISTRICT","Primary","Regular school","No","480","No"
"2015","090192000377","SAND School","CT","HARTFORD SCHOOL DISTRICT","Primary","Regular school","No","394","No"
"2015","090192000376","Sarah J. Rawson Elementary School","CT","HARTFORD SCHOOL DISTRICT","Primary","Regular school","No","373","No"
"2015","090192000378","Simpson-Waverly School","CT","HARTFORD SCHOOL DISTRICT","Primary","Regular school","No","293","No"
"2015","090192001370","Sports and Medical Sciences Academy","CT","HARTFORD SCHOOL DISTRICT","Other","Regular school","No","707","Yes"
"2015","090192000362","STEM Magnet at Fisher School","CT","HARTFORD SCHOOL DISTRICT","Primary","Regular school","No","367","Yes"
"2015","090192001381","University High School of Science and Engineering","CT","HARTFORD SCHOOL DISTRICT","High","Regular school","No","431","Yes"
"2015","090192000384","West Middle School","CT","HARTFORD SCHOOL DISTRICT","Primary","Regular school","No","359","No"
"2014","090192000360","Asian Studies Academy","CT","HARTFORD SCHOOL DISTRICT","Primary","Regular school","No","662","No"
"2014","090192000355","Batchelder School","CT","HARTFORD SCHOOL DISTRICT","Primary","Regular school","No","466","No"
"2014","090192001534","Breakthrough II Elementary School","CT","HARTFORD SCHOOL DISTRICT","Primary","Regular school","No","294","Yes"
"2014","090192001369","Breakthrough Magnet School","CT","HARTFORD SCHOOL DISTRICT","Primary","Regular school","No","357","Yes"
"2014","090192000356","Bulkeley High School Lower School","CT","HARTFORD SCHOOL DISTRICT","Other","Regular school","No","489","No"
"2014","090192001572","Bulkeley High School Upper School","CT","HARTFORD SCHOOL DISTRICT","High","Regular school","No","373","No"
"2014","090192000357","Burns Latino Studies Academy","CT","HARTFORD SCHOOL DISTRICT","Primary","Regular school","No","581","No"
"2014","090192000358","Burr School","CT","HARTFORD SCHOOL DISTRICT","Primary","Regular school","No","685","No"
"2014","090192001435","Capital Preparatory Magnet School","CT","HARTFORD SCHOOL DISTRICT","Other","Regular school","No","672","Yes"
"2014","090192001650","Capitol Community College Magnet Academy","CT","HARTFORD SCHOOL DISTRICT","High","Regular school","No","47","No"
"2014","090192000359","Clark School","CT","HARTFORD SCHOOL DISTRICT","Primary","Regular school","No","335","No"
"2014","090192001478","Classical Magnet School","CT","HARTFORD SCHOOL DISTRICT","Other","Regular school","No","702","Yes"
"2014","090192001522","Culinary Arts Academy","CT","HARTFORD SCHOOL DISTRICT","High","Regular school","No","275","No"
"2014","090192000372","Dr. James H Naylor/CCSU Leadership Academy","CT","HARTFORD SCHOOL DISTRICT","Primary","Regular school","No","682","No"
"2014","090192001192","Dr. Ramon E. Betances Early Reading Lab School","CT","HARTFORD SCHOOL DISTRICT","Primary","Regular school","No","288","Yes"
"2014","090192001616","Dr. Ramon E. Betances STEM Magnet School","CT","HARTFORD SCHOOL DISTRICT","Middle","Regular school","No","253","Yes"
"2014","090192000366","Environmental Sciences Magnet School at Mary M Hooker","CT","HARTFORD SCHOOL DISTRICT","Primary","Regular school","No","607","Yes"
"2014","090192000636","Expeditionary Learning Academy at Moylan School","CT","HARTFORD SCHOOL DISTRICT","Primary","Regular school","No","577","No"
"2014","090192000385","Fred D. Wish Museum School","CT","HARTFORD SCHOOL DISTRICT","Primary","Regular school","No","303","No"
"2014","090192001535","Global Communications Academy","CT","HARTFORD SCHOOL DISTRICT","Other","Regular school","No","621","No"
"2014","090192001403","Great Path Academy Middle College High School at MCC","CT","HARTFORD SCHOOL DISTRICT","High","Regular school","No","256","Yes"
"2014","090192001295","Hartford Magnet Trinity College Academy","CT","HARTFORD SCHOOL DISTRICT","Other","Regular school","No","1001","Yes"
"2014","090192001643","Hartford PreKindergarten Magnet School","CT","HARTFORD SCHOOL DISTRICT","Primary","Regular school","No","144","Yes"
"2014","090192001552","High School Inc.","CT","HARTFORD SCHOOL DISTRICT","High","Regular school","No","256","No"
"2014","090192001574","HPHS Academy of Engineering and Green Technology","CT","HARTFORD SCHOOL DISTRICT","High","Regular school","No","373","No"
"2014","090192001559","HPHS Academy of Nursing and Health Science","CT","HARTFORD SCHOOL DISTRICT","High","Regular school","No","394","No"
"2014","090192001576","HPHS Law and Government Academy","CT","HARTFORD SCHOOL DISTRICT","High","Regular school","No","388","No"
"2014","090192001562","Journalism and Media Academy Magnet School","CT","HARTFORD SCHOOL DISTRICT","High","Regular school","No","190","Yes"
"2014","090192000368","Kennelly School","CT","HARTFORD SCHOOL DISTRICT","Primary","Regular school","No","621","No"
"2014","090192000364","M. D. Fox Elementary School","CT","HARTFORD SCHOOL DISTRICT","Primary","Regular school","No","602","No"
"2014","090192000369","M. L. King School","CT","HARTFORD SCHOOL DISTRICT","Primary","Regular school","No","329","No"
"2014","090192000371","McDonough Expeditionary Learning School","CT","HARTFORD SCHOOL DISTRICT","Middle","Regular school","No","252","No"
"2014","090192000381","Milner Elementary School","CT","HARTFORD SCHOOL DISTRICT","Primary","Regular school","No","330","No"
"2014","090192001641","Montessori Magnet at Moylan School","CT","HARTFORD SCHOOL DISTRICT","Primary","Regular school","No","212","Yes"
"2014","090192001531","Montessori Magnet School at Annie Fisher","CT","HARTFORD SCHOOL DISTRICT","Primary","Regular school","No","323","Yes"
"2014","090192000383","Noah Webster Micro Society School","CT","HARTFORD SCHOOL DISTRICT","Primary","Regular school","No","678","Yes"
"2014","090192001553","OPPortunity High School","CT","HARTFORD SCHOOL DISTRICT","High","Regular school","No","127","No"
"2014","090192000373","Parkville Community School","CT","HARTFORD SCHOOL DISTRICT","Primary","Regular school","No","532","No"
"2014","090192001479","Pathways Academy of Technology and Design","CT","HARTFORD SCHOOL DISTRICT","High","Regular school","No","375","Yes"
"2014","090192000370","R.J. Kinsella Magnet School of Performing Arts","CT","HARTFORD SCHOOL DISTRICT","Other","Regular school","No","884","Yes"
"2014","090192001582","Renzulli Academy","CT","HARTFORD SCHOOL DISTRICT","Middle","Regular school","No","83","No"
"2014","090192000026","Sanchez School","CT","HARTFORD SCHOOL DISTRICT","Primary","Regular school","No","485","No"
"2014","090192000377","SAND","CT","HARTFORD SCHOOL DISTRICT","Primary","Regular school","No","402","No"
"2014","090192000376","Sarah J. Rawson Elementary School","CT","HARTFORD SCHOOL DISTRICT","Primary","Regular school","No","484","No"
"2014","090192000378","Simpson-Waverly School","CT","HARTFORD SCHOOL DISTRICT","Primary","Regular school","No","295","No"
"2014","090192001370","Sports and Medical Sciences Academy","CT","HARTFORD SCHOOL DISTRICT","Other","Regular school","No","702","Yes"
"2014","090192000362","STEM Magnet School at Annie-Fisher","CT","HARTFORD SCHOOL DISTRICT","Primary","Regular school","No","360","Yes"
"2014","090192001381","University High of Science and Engineering","CT","HARTFORD SCHOOL DISTRICT","High","Regular school","No","423","Yes"
"2014","090192000384","West Middle School","CT","HARTFORD SCHOOL DISTRICT","Primary","Regular school","No","380","No"
"2013","090192000377","AMERICAS CHOICE AT SAND","CT","HARTFORD SCHOOL DISTRICT","Primary","Regular school","No","459","No"
"2013","090192000360","ASIAN STUDIES ACADEMY","CT","HARTFORD SCHOOL DISTRICT","Primary","Regular school","No","635","No"
"2013","090192000355","BATCHELDER SCHOOL","CT","HARTFORD SCHOOL DISTRICT","Primary","Regular school","No","528","No"
"2013","090192001534","BREAKTHROUGH II ELEMENTARY SCHOOL","CT","HARTFORD SCHOOL DISTRICT","Primary","Regular school","No","252","Yes"
"2013","090192001369","BREAKTHROUGH MAGNET SCHOOL","CT","HARTFORD SCHOOL DISTRICT","Primary","Regular school","No","361","Yes"
"2013","090192000356","BULKELEY HIGH SCHOOL LOWER SCHOOL","CT","HARTFORD SCHOOL DISTRICT","Other","Regular school","No","493","No"
"2013","090192001572","BULKELEY HIGH SCHOOL UPPER SCHOOL","CT","HARTFORD SCHOOL DISTRICT","High","Regular school","No","378","No"
"2013","090192000357","BURNS LATINO STUDIES ACADEMY","CT","HARTFORD SCHOOL DISTRICT","Primary","Regular school","No","541","No"
"2013","090192000358","BURR SCHOOL","CT","HARTFORD SCHOOL DISTRICT","Primary","Regular school","No","708","No"
"2013","090192001435","CAPITAL PREPARATORY MAGNET SCHOOL","CT","HARTFORD SCHOOL DISTRICT","Other","Regular school","No","701","Yes"
"2013","090192000359","CLARK SCHOOL","CT","HARTFORD SCHOOL DISTRICT","Primary","Regular school","No","369","No"
"2013","090192001478","CLASSICAL MAGNET SCHOOL","CT","HARTFORD SCHOOL DISTRICT","Other","Regular school","No","690","Yes"
"2013","090192001522","CULINARY ARTS ACADEMY","CT","HARTFORD SCHOOL DISTRICT","High","Regular school","No","294","No"
"2013","090192000372","DR. JAMES H NAYLOR/CCSU LEADERSHIP ACADEMY","CT","HARTFORD SCHOOL DISTRICT","Primary","Regular school","No","660","No"
"2013","090192000006","DR. JOSEPH BELLIZZI MIDDLE SCHOOL","CT","HARTFORD SCHOOL DISTRICT","Not applicable","Regular school","No","Not applicable","No"
"2013","090192001192","DR. RAMON E. BETANCES EARLY READING LAB SCHOOL","CT","HARTFORD SCHOOL DISTRICT","Primary","Regular school","No","278","No"
"2013","090192001616","DR. RAMON E. BETANCES STEM MAGNET SCHOOL","CT","HARTFORD SCHOOL DISTRICT","Middle","Regular school","No","173","Yes"
"2013","090192000366","ENVIRONMENTAL SCIENCES MAGNET SCHOOL AT MARY M HOO","CT","HARTFORD SCHOOL DISTRICT","Primary","Regular school","No","596","Yes"
"2013","090192000636","EXPEDITIONARY LEARNING ACADEMY AT MOYLAN SCHOOL","CT","HARTFORD SCHOOL DISTRICT","Primary","Regular school","No","594","No"
"2013","090192000385","FRED D. WISH MUSEUM SCHOOL","CT","HARTFORD SCHOOL DISTRICT","Primary","Regular school","No","354","No"
"2013","090192001535","GLOBAL COMMUNICATIONS ACADEMY","CT","HARTFORD SCHOOL DISTRICT","Other","Regular school","No","492","No"
"2013","090192001403","GREAT PATH ACADEMY MIDDLE COLLEGE HIGH SCHOOL AT M","CT","HARTFORD SCHOOL DISTRICT","High","Regular school","No","249","Yes"
"2013","090192001295","HARTFORD MAGNET TRINITY COLLEGE ACADEMY","CT","HARTFORD SCHOOL DISTRICT","Other","Regular school","No","918","Yes"
"2013","090192001643","HARTFORD PREKINDERGARTEN MAGNET SCHOOL","CT","HARTFORD SCHOOL DISTRICT","Primary","Regular school","No","120","No"
"2013","090192001552","HIGH SCHOOL INC.","CT","HARTFORD SCHOOL DISTRICT","High","Regular school","No","343","No"
"2013","090192001574","HPHS ACADEMY OF ENGINEERING AND GREEN TECHNOLOGY","CT","HARTFORD SCHOOL DISTRICT","High","Regular school","No","414","No"
"2013","090192001559","HPHS ACADEMY OF NURSING AND HEALTH SCIENCE","CT","HARTFORD SCHOOL DISTRICT","High","Regular school","No","458","No"
"2013","090192001576","HPHS LAW AND GOVERNMENT ACADEMY","CT","HARTFORD SCHOOL DISTRICT","High","Regular school","No","481","No"
"2013","090192001562","JOURNALISM AND MEDIA ACADEMY MAGNET SCHOOL","CT","HARTFORD SCHOOL DISTRICT","High","Regular school","No","201","Yes"
"2013","090192000381","JUMOKE ACADEMY HONORS AT MILNER ELEMENTARY SCHOOL","CT","HARTFORD SCHOOL DISTRICT","Primary","Regular school","No","376","No"
"2013","090192000368","KENNELLY SCHOOL","CT","HARTFORD SCHOOL DISTRICT","Primary","Regular school","No","658","No"
"2013","090192000364","M. D. FOX ELEMENTARY SCHOOL","CT","HARTFORD SCHOOL DISTRICT","Primary","Regular school","No","569","No"
"2013","090192000369","M. L. KING SCHOOL","CT","HARTFORD SCHOOL DISTRICT","Primary","Regular school","No","316","No"
"2013","090192000371","MCDONOUGH EXPEDITIONARY LEARNING SCHOOL","CT","HARTFORD SCHOOL DISTRICT","Middle","Regular school","No","291","No"
"2013","090192001641","MONTESSORI MAGNET AT MOYLAN SCHOOL","CT","HARTFORD SCHOOL DISTRICT","Primary","Regular school","No","158","No"
"2013","090192001531","MONTESSORI MAGNET SCHOOL AT ANNIE FISHER","CT","HARTFORD SCHOOL DISTRICT","Primary","Regular school","No","291","Yes"
"2013","090192000383","NOAH WEBSTER MICRO SOCIETY SCHOOL","CT","HARTFORD SCHOOL DISTRICT","Primary","Regular school","No","675","Yes"
"2013","090192001553","OPPORTUNITY HIGH SCHOOL","CT","HARTFORD SCHOOL DISTRICT","High","Regular school","No","99","No"
"2013","090192000373","PARKVILLE COMMUNITY SCHOOL","CT","HARTFORD SCHOOL DISTRICT","Primary","Regular school","No","543","No"
"2013","090192001479","PATHWAYS ACADEMY OF TECHNOLOGY AND DESIGN","CT","HARTFORD SCHOOL DISTRICT","High","Regular school","No","330","Yes"
"2013","090192000370","R.J. KINSELLA MAGNET SCHOOL OF PERFORMING ARTS","CT","HARTFORD SCHOOL DISTRICT","Other","Regular school","No","819","Yes"
"2013","090192001582","RENZULLI ACADEMY","CT","HARTFORD SCHOOL DISTRICT","Other","Regular school","No","128","No"
"2013","090192000026","SANCHEZ SCHOOL","CT","HARTFORD SCHOOL DISTRICT","Primary","Regular school","No","492","No"
"2013","090192000376","SARAH J. RAWSON ELEMENTARY SCHOOL","CT","HARTFORD SCHOOL DISTRICT","Primary","Regular school","No","498","No"
"2013","090192000378","SIMPSON-WAVERLY SCHOOL","CT","HARTFORD SCHOOL DISTRICT","Primary","Regular school","No","297","No"
"2013","090192001370","SPORTS AND MEDICAL SCIENCES ACADEMY","CT","HARTFORD SCHOOL DISTRICT","Other","Regular school","No","705","Yes"
"2013","090192000362","STEM MAGNET SCHOOL AT ANNIE-FISHER SCHOOL","CT","HARTFORD SCHOOL DISTRICT","Primary","Regular school","No","359","Yes"
"2013","090192001381","UNIVERSITY HIGH SCHOOL","CT","HARTFORD SCHOOL DISTRICT","High","Regular school","No","408","Yes"
"2013","090192000384","WEST MIDDLE SCHOOL","CT","HARTFORD SCHOOL DISTRICT","Primary","Regular school","No","498","No"
"2012","090192000377","AMERICAS CHOICE AT SAND","CT","HARTFORD SCHOOL DISTRICT","Primary","Regular school","No","484","No"
"2012","090192000360","ASIAN STUDIES SCHOOL AT DWIGHT/BELIZZI SCHOOL","CT","HARTFORD SCHOOL DISTRICT","Primary","Regular school","No","556","No"
"2012","090192000355","BATCHELDER SCHOOL","CT","HARTFORD SCHOOL DISTRICT","Primary","Regular school","No","521","No"
"2012","090192001534","BREAKTHROUGH II","CT","HARTFORD SCHOOL DISTRICT","Primary","Regular school","No","222","Yes"
"2012","090192001369","BREAKTHROUGH MAGNET SCHOOL","CT","HARTFORD SCHOOL DISTRICT","Primary","Regular school","No","355","Yes"
"2012","090192000356","BULKELEY HIGH SCHOOL LOWER SCHOOL","CT","HARTFORD SCHOOL DISTRICT","Other","Regular school","No","586","No"
"2012","090192001572","BULKELEY HIGH SCHOOL UPPER SCHOOL","CT","HARTFORD SCHOOL DISTRICT","High","Regular school","No","408","No"
"2012","090192000357","BURNS LATINO STUDIES ACADEMY","CT","HARTFORD SCHOOL DISTRICT","Primary","Regular school","No","598","No"
"2012","090192000358","BURR SCHOOL","CT","HARTFORD SCHOOL DISTRICT","Primary","Regular school","No","729","No"
"2012","090192001435","CAPITAL PREPARATORY MAGNET SCHOOL","CT","HARTFORD SCHOOL DISTRICT","Other","Regular school","No","674","Yes"
"2012","090192000359","CLARK SCHOOL","CT","HARTFORD SCHOOL DISTRICT","Primary","Regular school","No","379","No"
"2012","090192001478","CLASSICAL MAGNET SCHOOL","CT","HARTFORD SCHOOL DISTRICT","Other","Regular school","No","701","Yes"
"2012","090192001522","CULINARY ARTS ACADEMY","CT","HARTFORD SCHOOL DISTRICT","High","Regular school","No","244","No"
"2012","090192000372","DR. JAMES H NAYLOR/CCSU LEADERSHIP ACADEMY","CT","HARTFORD SCHOOL DISTRICT","Primary","Regular school","No","722","No"
"2012","090192000006","DR. JOSEPH BELLIZZI MIDDLE SCHOOL","CT","HARTFORD SCHOOL DISTRICT","Other","Regular school","No","57","No"
"2012","090192001192","DR. RAMON E. BETANCES EARLY READING LAB SCHOOL","CT","HARTFORD SCHOOL DISTRICT","Primary","Regular school","No","323","No"
"2012","090192001616","DR. RAMON E. BETANCES STEM MAGNET SCHOOL","CT","HARTFORD SCHOOL DISTRICT","Middle","Regular school","No","87","Yes"
"2012","090192000366","ENVIRONMENTAL SCIENCES MAGNET SCHOOL AT MARY M HOO","CT","HARTFORD SCHOOL DISTRICT","Primary","Regular school","No","570","Yes"
"2012","090192000636","EXPEDITIONARY LEARNING ACADEMY AT MOYLAN SCHOOL","CT","HARTFORD SCHOOL DISTRICT","Primary","Regular school","No","704","No"
"2012","090192001403","GREAT PATH ACADEMY MIDDLE COLLEGE HIGH SCHOOL AT M","CT","HARTFORD SCHOOL DISTRICT","High","Regular school","No","274","Yes"
"2012","090192001295","HARTFORD MAGNET TRINITY COLLEGE ACADEMY","CT","HARTFORD SCHOOL DISTRICT","Other","Regular school","No","820","Yes"
"2012","090192001552","HIGH SCHOOL INC.","CT","HARTFORD SCHOOL DISTRICT","High","Regular school","No","377","No"
"2012","090192001574","HPHS ACADEMY OF ENGINEERING AND GREEN TECHNOLOGY","CT","HARTFORD SCHOOL DISTRICT","High","Regular school","No","438","No"
"2012","090192001575","HPHS FRESHMEN ACADEMY","CT","HARTFORD SCHOOL DISTRICT","Not applicable","Regular school","No","Not applicable","No"
"2012","090192001576","HPHS LAW AND GOVERNMENT ACADEMY","CT","HARTFORD SCHOOL DISTRICT","High","Regular school","No","533","No"
"2012","090192001559","HPHS NURSING ACADEMY","CT","HARTFORD SCHOOL DISTRICT","High","Regular school","No","489","No"
"2012","090192001535","IB GLOBAL COMMUNICATIONS ACADEMY","CT","HARTFORD SCHOOL DISTRICT","Other","Regular school","No","420","No"
"2012","090192001562","JOURNALISM AND MEDIA HIGH SCHOOL","CT","HARTFORD SCHOOL DISTRICT","High","Regular school","No","195","No"
"2012","090192000368","KENNELLY SCHOOL","CT","HARTFORD SCHOOL DISTRICT","Primary","Regular school","No","703","No"
"2012","090192000370","KINSELLA MAGNET SCHOOL OF THE PERFORMING ARTS","CT","HARTFORD SCHOOL DISTRICT","Other","Regular school","No","760","Yes"
"2012","090192000364","M. D. FOX ELEMENTARY SCHOOL","CT","HARTFORD SCHOOL DISTRICT","Primary","Regular school","No","533","No"
"2012","090192000369","M. L. KING SCHOOL","CT","HARTFORD SCHOOL DISTRICT","Primary","Regular school","No","383","No"
"2012","090192000371","MCDONOUGH EXPEDITIONARY LEARNING SCHOOL","CT","HARTFORD SCHOOL DISTRICT","Middle","Regular school","No","385","No"
"2012","090192000381","MILNER CORE KNOWLEDGE SCHOOL","CT","HARTFORD SCHOOL DISTRICT","Primary","Regular school","No","373","No"
"2012","090192001531","MONTESSORI MAGNET SCHOOL AT ANNIE FISHER","CT","HARTFORD SCHOOL DISTRICT","Primary","Regular school","No","279","Yes"
"2012","090192000383","NOAH WEBSTER MICRO SOCIETY SCHOOL","CT","HARTFORD SCHOOL DISTRICT","Primary","Regular school","No","626","Yes"
"2012","090192001553","OPPORTUNITY HIGH SCHOOL","CT","HARTFORD SCHOOL DISTRICT","High","Regular school","No","110","No"
"2012","090192000373","PARKVILLE COMMUNITY SCHOOL","CT","HARTFORD SCHOOL DISTRICT","Primary","Regular school","No","564","No"
"2012","090192001479","PATHWAYS TO TECHNOLOGY MAGNET SCHOOL","CT","HARTFORD SCHOOL DISTRICT","High","Regular school","No","329","Yes"
"2012","090192001582","RENZULLI ACADEMY","CT","HARTFORD SCHOOL DISTRICT","Middle","Regular school","No","121","No"
"2012","090192000026","SANCHEZ SCHOOL","CT","HARTFORD SCHOOL DISTRICT","Primary","Regular school","No","494","No"
"2012","090192001589","SARAH J RAWSON MIDDLE GRADES ACADEMY","CT","HARTFORD SCHOOL DISTRICT","Not applicable","Regular school","No","Not applicable","No"
"2012","090192000376","SARAH J. RAWSON ELEMENTARY SCHOOL","CT","HARTFORD SCHOOL DISTRICT","Primary","Regular school","No","573","No"
"2012","090192000378","SIMPSON-WAVERLY SCHOOL","CT","HARTFORD SCHOOL DISTRICT","Primary","Regular school","No","326","No"
"2012","090192001370","SPORTS AND MEDICAL SCIENCES ACADEMY","CT","HARTFORD SCHOOL DISTRICT","Other","Regular school","No","692","Yes"
"2012","090192000362","STEM MAGNET SCHOOL AT ANNIE-FISHER SCHOOL","CT","HARTFORD SCHOOL DISTRICT","Primary","Regular school","No","356","Yes"
"2012","090192001381","UNIVERSITY HIGH SCHOOL","CT","HARTFORD SCHOOL DISTRICT","High","Regular school","No","403","Yes"
"2012","090192000384","WEST MIDDLE SCHOOL","CT","HARTFORD SCHOOL DISTRICT","Primary","Regular school","No","637","No"
"2012","090192000385","WISH SCHOOL","CT","HARTFORD SCHOOL DISTRICT","Primary","Regular school","No","392","No"
"2011","090192000377","AMERICAS CHOICE AT SAND","CT","HARTFORD SCHOOL DISTRICT","Primary","Regular school","No","471","No"
"2011","090192000360","ASIAN STUDIES SCHOOL AT DWIGHT/BELIZZI SCHOOL","CT","HARTFORD SCHOOL DISTRICT","Primary","Regular school","No","450","No"
"2011","090192000355","BATCHELDER SCHOOL","CT","HARTFORD SCHOOL DISTRICT","Primary","Regular school","No","565","No"
"2011","090192001534","BREAKTHROUGH II","CT","HARTFORD SCHOOL DISTRICT","Primary","Regular school","No","171","No"
"2011","090192001369","BREAKTHROUGH MAGNET SCHOOL","CT","HARTFORD SCHOOL DISTRICT","Primary","Regular school","No","355","Yes"
"2011","090192000356","BULKELEY HIGH SCHOOL LOWER SCHOOL","CT","HARTFORD SCHOOL DISTRICT","Other","Regular school","No","634","No"
"2011","090192001572","BULKELEY HIGH SCHOOL UPPER SCHOOL","CT","HARTFORD SCHOOL DISTRICT","High","Regular school","No","399","No"
"2011","090192000357","BURNS LATINO STUDIES ACADEMY","CT","HARTFORD SCHOOL DISTRICT","Primary","Regular school","No","598","No"
"2011","090192000358","BURR SCHOOL","CT","HARTFORD SCHOOL DISTRICT","Primary","Regular school","No","810","No"
"2011","090192001435","CAPITAL PREPARATORY MAGNET SCHOOL","CT","HARTFORD SCHOOL DISTRICT","Other","Regular school","No","521","Yes"
"2011","090192000359","CLARK SCHOOL","CT","HARTFORD SCHOOL DISTRICT","Primary","Regular school","No","397","No"
"2011","090192001478","CLASSICAL MAGNET SCHOOL","CT","HARTFORD SCHOOL DISTRICT","Other","Regular school","No","714","Yes"
"2011","090192001522","CULINARY ARTS ACADEMY","CT","HARTFORD SCHOOL DISTRICT","High","Regular school","No","297","No"
"2011","090192000372","DR. JAMES H NAYLOR/CCSU LEADERSHIP ACADEMY","CT","HARTFORD SCHOOL DISTRICT","Primary","Regular school","No","706","No"
"2011","090192000006","DR. JOSEPH BELLIZZI MIDDLE SCHOOL","CT","HARTFORD SCHOOL DISTRICT","Middle","Regular school","No","146","No"
"2011","090192001192","DR. RAMON E. BETANCES EARLY READING LAB SCHOOL","CT","HARTFORD SCHOOL DISTRICT","Primary","Regular school","No","315","No"
"2011","090192000366","ENVIRONMENTAL SCIENCES MAGNET SCHOOL AT MARY M HOO","CT","HARTFORD SCHOOL DISTRICT","Primary","Regular school","No","358","Yes"
"2011","090192000636","EXPEDITIONARY LEARNING ACADEMY AT MOYLAN SCHOOL","CT","HARTFORD SCHOOL DISTRICT","Primary","Regular school","No","750","No"
"2011","090192001295","HARTFORD MAGNET TRINITY COLLEGE ACADEMY","CT","HARTFORD SCHOOL DISTRICT","Middle","Regular school","No","715","Yes"
"2011","090192001552","HIGH SCHOOL INC.","CT","HARTFORD SCHOOL DISTRICT","High","Regular school","No","324","No"
"2011","090192001574","HPHS ACADEMY OF ENGINEERING AND GREEN TECHNOLOGY","CT","HARTFORD SCHOOL DISTRICT","High","Regular school","No","433","No"
"2011","090192001575","HPHS FRESHMEN ACADEMY","CT","HARTFORD SCHOOL DISTRICT","Other","Regular school","No","221","No"
"2011","090192001576","HPHS LAW AND GOVERNMENT ACADEMY","CT","HARTFORD SCHOOL DISTRICT","High","Regular school","No","397","No"
"2011","090192001559","HPHS NURSING ACADEMY","CT","HARTFORD SCHOOL DISTRICT","High","Regular school","No","378","No"
"2011","090192001535","IB GLOBAL COMMUNICATIONS ACADEMY","CT","HARTFORD SCHOOL DISTRICT","Primary","Regular school","No","417","No"
"2011","090192001562","JOURNALISM AND MEDIA HIGH SCHOOL","CT","HARTFORD SCHOOL DISTRICT","High","Regular school","No","317","No"
"2011","090192000368","KENNELLY SCHOOL","CT","HARTFORD SCHOOL DISTRICT","Primary","Regular school","No","799","No"
"2011","090192000370","KINSELLA MAGNET SCHOOL","CT","HARTFORD SCHOOL DISTRICT","Primary","Regular school","No","690","Yes"
"2011","090192000364","M. D. FOX COMPACT SCHOOL","CT","HARTFORD SCHOOL DISTRICT","Primary","Regular school","No","Suppressed data","No"
"2011","090192000369","M. L. KING SCHOOL","CT","HARTFORD SCHOOL DISTRICT","Primary","Regular school","No","407","No"
"2011","090192000371","MCDONOUGH EXPEDITIONARY LEARNING SCHOOL","CT","HARTFORD SCHOOL DISTRICT","Middle","Regular school","No","453","No"
"2011","090192000381","MILNER CORE KNOWLEDGE SCHOOL","CT","HARTFORD SCHOOL DISTRICT","Primary","Regular school","No","423","No"
"2011","090192001531","MONTESSORI AT FISHER SCHOOL","CT","HARTFORD SCHOOL DISTRICT","Primary","Regular school","No","240","Yes"
"2011","090192000383","NOAH WEBSTER MICRO SOCIETY SCHOOL","CT","HARTFORD SCHOOL DISTRICT","Primary","Regular school","No","582","Yes"
"2011","090192001553","OPPORTUNITY HIGH SCHOOL","CT","HARTFORD SCHOOL DISTRICT","High","Regular school","No","116","No"
"2011","090192000373","PARKVILLE COMMUNITY SCHOOL","CT","HARTFORD SCHOOL DISTRICT","Primary","Regular school","No","535","No"
"2011","090192001479","PATHWAYS TO TECHNOLOGY MAGNET SCHOOL","CT","HARTFORD SCHOOL DISTRICT","High","Regular school","No","327","Yes"
"2011","090192001582","RENZULLI ACADEMY","CT","HARTFORD SCHOOL DISTRICT","Middle","Regular school","No","105","No"
"2011","090192000026","SANCHEZ SCHOOL","CT","HARTFORD SCHOOL DISTRICT","Primary","Regular school","No","469","No"
"2011","090192001589","SARAH J RAWSON MIDDLE GRADES ACADEMY","CT","HARTFORD SCHOOL DISTRICT","Middle","Regular school","No","202","No"
"2011","090192000376","SARAH J. RAWSON ELEMENTARY SCHOOL","CT","HARTFORD SCHOOL DISTRICT","Primary","Regular school","No","452","No"
"2011","090192000378","SIMPSON-WAVERLY SCHOOL","CT","HARTFORD SCHOOL DISTRICT","Primary","Regular school","No","347","Yes"
"2011","090192001370","SPORTS AND MEDICAL SCIENCES ACADEMY","CT","HARTFORD SCHOOL DISTRICT","Other","Regular school","No","637","Yes"
"2011","090192000362","STEM MAGNET SCHOOL AT ANNIE-FISHER SCHOOL","CT","HARTFORD SCHOOL DISTRICT","Primary","Regular school","No","344","Yes"
"2011","090192001381","UNIVERSITY HIGH SCHOOL","CT","HARTFORD SCHOOL DISTRICT","High","Regular school","No","389","Yes"
"2011","090192000382","WEAVER HIGH SCHOOL","CT","HARTFORD SCHOOL DISTRICT","Not applicable","Regular school","No","Not applicable","No"
"2011","090192000384","WEST MIDDLE SCHOOL","CT","HARTFORD SCHOOL DISTRICT","Primary","Regular school","No","658","No"
"2011","090192000385","WISH SCHOOL","CT","HARTFORD SCHOOL DISTRICT","Primary","Regular school","No","392","No"
"2010","090192000377","AMERICAS CHOICE AT SAND","CT","HARTFORD SCHOOL DISTRICT","Primary","Regular school","No","463","No"
"2010","090192001531","ANNIE FISHER MONTESSORI MAGNET SCHOOL","CT","HARTFORD SCHOOL DISTRICT","Primary","Regular school","No","198","Yes"
"2010","090192000360","ASIAN STUDIES SCHOOL AT DWIGHT/BELIZZI SCHOOL","CT","HARTFORD SCHOOL DISTRICT","Primary","Regular school","No","339","No"
"2010","090192000355","BATCHELDER SCHOOL","CT","HARTFORD SCHOOL DISTRICT","Primary","Regular school","No","589","No"
"2010","090192001534","BREAKTHROUGH II","CT","HARTFORD SCHOOL DISTRICT","Primary","Regular school","No","143","No"
"2010","090192001369","BREAKTHROUGH MAGNET SCHOOL","CT","HARTFORD SCHOOL DISTRICT","Primary","Regular school","No","352","Yes"
"2010","090192000356","BULKELEY HIGH SCHOOL LOWER SCHOOL","CT","HARTFORD SCHOOL DISTRICT","Other","Regular school","No","675","No"
"2010","090192001572","BULKELEY HIGH SCHOOL UPPER SCHOOL","CT","HARTFORD SCHOOL DISTRICT","High","Regular school","No","500","No"
"2010","090192000357","BURNS LATINO STUDIES ACADEMY","CT","HARTFORD SCHOOL DISTRICT","Primary","Regular school","No","666","No"
"2010","090192000358","BURR SCHOOL","CT","HARTFORD SCHOOL DISTRICT","Primary","Regular school","No","707","No"
"2010","090192001435","CAPITAL PREPARATORY MAGNET SCHOOL","CT","HARTFORD SCHOOL DISTRICT","Other","Regular school","No","336","Yes"
"2010","090192000359","CLARK SCHOOL","CT","HARTFORD SCHOOL DISTRICT","Primary","Regular school","No","384","No"
"2010","090192001478","CLASSICAL MAGNET SCHOOL","CT","HARTFORD SCHOOL DISTRICT","Other","Regular school","No","710","Yes"
"2010","090192001522","CULINARY ARTS ACADEMY","CT","HARTFORD SCHOOL DISTRICT","High","Regular school","No","246","No"
"2010","090192000006","DR. JOSEPH BELLIZZI MIDDLE SCHOOL","CT","HARTFORD SCHOOL DISTRICT","Middle","Regular school","No","296","No"
"2010","090192001192","DR. RAMON E. BETANCES EARLY READING LAB SCHOOL","CT","HARTFORD SCHOOL DISTRICT","Primary","Regular school","No","311","No"
"2010","090192001295","HARTFORD MAGNET MIDDLE SCHOOL","CT","HARTFORD SCHOOL DISTRICT","Middle","Regular school","No","611","Yes"
"2010","090192001552","HIGH SCHOOL INC.","CT","HARTFORD SCHOOL DISTRICT","Other","Regular school","No","265","No"
"2010","090192000366","HOOKER SCHOOL","CT","HARTFORD SCHOOL DISTRICT","Primary","Regular school","No","275","No"
"2010","090192001574","HPHS ACADEMY OF ENGINEERING AND GREEN TECHNOLOGY","CT","HARTFORD SCHOOL DISTRICT","High","Regular school","No","395","No"
"2010","090192001575","HPHS FRESHMEN ACADEMY","CT","HARTFORD SCHOOL DISTRICT","Other","Regular school","No","320","No"
"2010","090192001576","HPHS LAW AND GOVERNMENT ACADEMY","CT","HARTFORD SCHOOL DISTRICT","High","Regular school","No","386","No"
"2010","090192001559","HPHS NURSING ACADEMY","CT","HARTFORD SCHOOL DISTRICT","High","Regular school","No","387","No"
"2010","090192001535","IB GLOBAL COMMUNICATIONS ACADEMY","CT","HARTFORD SCHOOL DISTRICT","Primary","Regular school","No","373","No"
"2010","090192001562","JOURNALISM AND MEDIA HIGH SCHOOL","CT","HARTFORD SCHOOL DISTRICT","Other","Regular school","No","232","No"
"2010","090192000368","KENNELLY SCHOOL","CT","HARTFORD SCHOOL DISTRICT","Primary","Regular school","No","783","No"
"2010","090192000370","KINSELLA MAGNET SCHOOL","CT","HARTFORD SCHOOL DISTRICT","Primary","Regular school","No","663","Yes"
"2010","090192000364","M. D. FOX COMPACT SCHOOL","CT","HARTFORD SCHOOL DISTRICT","Primary","Regular school","No","848","No"
"2010","090192000369","M. L. KING SCHOOL","CT","HARTFORD SCHOOL DISTRICT","Primary","Regular school","No","469","No"
"2010","090192000371","MCDONOUGH SCHOOL","CT","HARTFORD SCHOOL DISTRICT","Primary","Regular school","No","422","No"
"2010","090192000381","MILNER CORE KNOWLEDGE SCHOOL","CT","HARTFORD SCHOOL DISTRICT","Primary","Regular school","No","412","No"
"2010","090192000636","MOYLAN SCHOOL","CT","HARTFORD SCHOOL DISTRICT","Primary","Regular school","No","682","No"
"2010","090192000372","NAYLOR SCHOOL","CT","HARTFORD SCHOOL DISTRICT","Primary","Regular school","No","703","No"
"2010","090192000383","NOAH WEBSTER MICRO SOCIETY SCHOOL","CT","HARTFORD SCHOOL DISTRICT","Primary","Regular school","No","592","Yes"
"2010","090192001553","OPPORTUNITY HIGH SCHOOL","CT","HARTFORD SCHOOL DISTRICT","High","Regular school","No","123","No"
"2010","090192000373","PARKVILLE COMMUNITY SCHOOL","CT","HARTFORD SCHOOL DISTRICT","Primary","Regular school","No","516","No"
"2010","090192001479","PATHWAYS TO TECHNOLOGY MAGNET SCHOOL","CT","HARTFORD SCHOOL DISTRICT","High","Regular school","No","355","Yes"
"2010","090192000375","QUIRK MIDDLE SCHOOL","CT","HARTFORD SCHOOL DISTRICT","Not applicable","Regular school","No","Not applicable","No"
"2010","090192001582","RENZULLI ACADEMY","CT","HARTFORD SCHOOL DISTRICT","Middle","Regular school","No","57","No"
"2010","090192000026","SANCHEZ SCHOOL","CT","HARTFORD SCHOOL DISTRICT","Primary","Regular school","No","492","No"
"2010","090192001589","SARAH J RAWSON MIDDLE GRADES ACADEMY","CT","HARTFORD SCHOOL DISTRICT","Middle","Regular school","No","188","No"
"2010","090192000376","SARAH J. RAWSON ELEMENTARY SCHOOL","CT","HARTFORD SCHOOL DISTRICT","Primary","Regular school","No","463","No"
"2010","090192000378","SIMPSON-WAVERLY SCHOOL","CT","HARTFORD SCHOOL DISTRICT","Primary","Regular school","No","362","Yes"
"2010","090192001370","SPORTS AND MEDICAL SCIENCES ACADEMY","CT","HARTFORD SCHOOL DISTRICT","Other","Regular school","No","672","Yes"
"2010","090192000362","STEM MAGNET SCHOOL AT ANNIE-FISHER SCHOOL","CT","HARTFORD SCHOOL DISTRICT","Primary","Regular school","No","329","Yes"
"2010","090192001381","UNIVERSITY HIGH SCHOOL","CT","HARTFORD SCHOOL DISTRICT","High","Regular school","No","406","Yes"
"2010","090192000382","WEAVER HIGH SCHOOL","CT","HARTFORD SCHOOL DISTRICT","High","Regular school","No","157","No"
"2010","090192000384","WEST MIDDLE SCHOOL","CT","HARTFORD SCHOOL DISTRICT","Primary","Regular school","No","690","No"
"2010","090192000385","WISH SCHOOL","CT","HARTFORD SCHOOL DISTRICT","Primary","Regular school","No","444","No"
"2009","090192001531","ANNIE FISHER MONTESSORI MAGNET SCHOOL","CT","HARTFORD SCHOOL DISTRICT","Primary","Regular school","No","149","Yes"
"2009","090192000362","ANNIE-FISHER MULTIPLE INTELLIGENCE M","CT","HARTFORD SCHOOL DISTRICT","Primary","Regular school","No","253","No"
"2009","090192000355","BATCHELDER SCHOOL","CT","HARTFORD SCHOOL DISTRICT","Primary","Regular school","No","568","No"
"2009","090192001534","BREAKTHROUGH II","CT","HARTFORD SCHOOL DISTRICT","Primary","Regular school","No","129","No"
"2009","090192001369","BREAKTHROUGH MAGNET SCHOOL","CT","HARTFORD SCHOOL DISTRICT","Primary","Regular school","No","352","Yes"
"2009","090192001572","BULKELEY HIGH SCHOOL UPPER SCHOOL","CT","HARTFORD SCHOOL DISTRICT","High","Regular school","No","571","No"
"2009","090192000356","BULKELEY HIGH SCHOOL","CT","HARTFORD SCHOOL DISTRICT","Other","Regular school","No","767","No"
"2009","090192000357","BURNS SCHOOL","CT","HARTFORD SCHOOL DISTRICT","Primary","Regular school","No","584","No"
"2009","090192000358","BURR SCHOOL","CT","HARTFORD SCHOOL DISTRICT","Primary","Regular school","No","625","No"
"2009","090192001435","CAPITOL PREPARATORY MAGNET SCHOOL","CT","HARTFORD SCHOOL DISTRICT","Other","Regular school","No","276","Yes"
"2009","090192000359","CLARK SCHOOL","CT","HARTFORD SCHOOL DISTRICT","Primary","Regular school","No","416","No"
"2009","090192001522","CULINARY ARTS ACADEMY","CT","HARTFORD SCHOOL DISTRICT","High","Regular school","No","266","No"
"2009","090192000006","DR. JOSEPH BELIZZI MIDDLE SCHOOL","CT","HARTFORD SCHOOL DISTRICT","Middle","Regular school","No","436","No"
"2009","090192001192","DR. RAMON E. BETANCES SCHOOL","CT","HARTFORD SCHOOL DISTRICT","Primary","Regular school","No","345","No"
"2009","090192000360","DWIGHT SCHOOL","CT","HARTFORD SCHOOL DISTRICT","Primary","Regular school","No","328","No"
"2009","090192000363","FOX MIDDLE SCHOOL","CT","HARTFORD SCHOOL DISTRICT","Not applicable","Regular school","No","Not applicable","No"
"2009","090192001478","GREATER HARTFORD CLASSICAL MAGNET SC","CT","HARTFORD SCHOOL DISTRICT","Other","Regular school","No","715","Yes"
"2009","090192001295","HARTFORD MAGNET MIDDLE SCHOOL","CT","HARTFORD SCHOOL DISTRICT","Middle","Regular school","No","611","Yes"
"2009","090192000365","HARTFORD PUBLIC HIGH SCHOOL","CT","HARTFORD SCHOOL DISTRICT","Not applicable","Regular school","No","Not applicable","No"
"2009","090192001552","HIGH SCHOOL INC.","CT","HARTFORD SCHOOL DISTRICT","Other","Regular school","No","197","No"
"2009","090192000366","HOOKER SCHOOL","CT","HARTFORD SCHOOL DISTRICT","Primary","Regular school","No","345","No"
"2009","090192001574","HPHS ACADEMY OF ENGINEERING AND GREEN TECHNOLOGY","CT","HARTFORD SCHOOL DISTRICT","High","Regular school","No","378","No"
"2009","090192001575","HPHS FRESHMEN ACADEMY","CT","HARTFORD SCHOOL DISTRICT","Other","Regular school","No","373","No"
"2009","090192001576","HPHS LAW AND GOVERNMENT ACADEMY","CT","HARTFORD SCHOOL DISTRICT","High","Regular school","No","371","No"
"2009","090192001559","HPHS NURSING ACADEMY","CT","HARTFORD SCHOOL DISTRICT","High","Regular school","No","394","No"
"2009","090192001535","IB GLOBAL COMMUNICATIONS ACADEMY","CT","HARTFORD SCHOOL DISTRICT","Primary","Regular school","No","376","No"
"2009","090192001562","JOURNALISM AND MEDIA HIGH SCHOOL","CT","HARTFORD SCHOOL DISTRICT","Other","Regular school","No","166","No"
"2009","090192000368","KENNELLY SCHOOL","CT","HARTFORD SCHOOL DISTRICT","Primary","Regular school","No","795","No"
"2009","090192000370","KINSELLA SCHOOL","CT","HARTFORD SCHOOL DISTRICT","Primary","Regular school","No","618","Yes"
"2009","090192000997","LITTLE OWLS LEARNING CENTER","CT","HARTFORD SCHOOL DISTRICT","Not applicable","Regular school","No","Not applicable","No"
"2009","090192000364","M. D. FOX ELEMENTARY SCHOOL","CT","HARTFORD SCHOOL DISTRICT","Primary","Regular school","No","801","No"
"2009","090192000369","M. L. KING SCHOOL","CT","HARTFORD SCHOOL DISTRICT","Primary","Regular school","No","513","No"
"2009","090192000371","MCDONOUGH SCHOOL","CT","HARTFORD SCHOOL DISTRICT","Primary","Regular school","No","358","No"
"2009","090192000381","MILNER SCHOOL","CT","HARTFORD SCHOOL DISTRICT","Primary","Regular school","No","400","No"
"2009","090192000636","MOYLAN SCHOOL","CT","HARTFORD SCHOOL DISTRICT","Primary","Regular school","No","610","No"
"2009","090192000372","NAYLOR SCHOOL","CT","HARTFORD SCHOOL DISTRICT","Primary","Regular school","No","702","No"
"2009","090192000383","NOAH WEBSTER MICRO SOCIETY SCHOOL","CT","HARTFORD SCHOOL DISTRICT","Primary","Regular school","No","619","Yes"
"2009","090192001553","OPPORTUNITY HIGH SCHOOL","CT","HARTFORD SCHOOL DISTRICT","High","Regular school","No","90","No"
"2009","090192000373","PARKVILLE COMMUNITY SCHOOL","CT","HARTFORD SCHOOL DISTRICT","Primary","Regular school","No","514","No"
"2009","090192001479","PATHWAYS TO TECHNOLOGY MAGNET SCHOOL","CT","HARTFORD SCHOOL DISTRICT","High","Regular school","No","351","Yes"
"2009","090192000375","QUIRK MIDDLE SCHOOL","CT","HARTFORD SCHOOL DISTRICT","Other","Regular school","No","244","No"
"2009","090192000376","RAWSON SCHOOL","CT","HARTFORD SCHOOL DISTRICT","Primary","Regular school","No","734","No"
"2009","090192000026","SANCHEZ SCHOOL","CT","HARTFORD SCHOOL DISTRICT","Primary","Regular school","No","493","No"
"2009","090192000377","SAND SCHOOL","CT","HARTFORD SCHOOL DISTRICT","Primary","Regular school","No","413","No"
"2009","090192000378","SIMPSON-WAVERLY CLASSICAL MAGNET SCH","CT","HARTFORD SCHOOL DISTRICT","Primary","Regular school","No","437","No"
"2009","090192001370","SPORTS AND MEDICAL SCIENCES ACADEMY","CT","HARTFORD SCHOOL DISTRICT","High","Regular school","No","602","Yes"
"2009","090192001381","UNIVERSITY HIGH SCHOOL","CT","HARTFORD SCHOOL DISTRICT","High","Regular school","No","362","Yes"
"2009","090192000382","WEAVER HIGH SCHOOL","CT","HARTFORD SCHOOL DISTRICT","High","Regular school","No","335","No"
"2009","090192000384","WEST MIDDLE SCHOOL","CT","HARTFORD SCHOOL DISTRICT","Primary","Regular school","No","698","No"
"2009","090192000385","WISH SCHOOL","CT","HARTFORD SCHOOL DISTRICT","Primary","Regular school","No","426","No"
"2008","090192001531","ANNIE FISHER MONTESSORI MAGNET SCHOOL","CT","HARTFORD SCHOOL DISTRICT","Primary","Regular school","No","101","Yes"
"2008","090192000362","ANNIE-FISHER MULTIPLE INTELLIGENCE M","CT","HARTFORD SCHOOL DISTRICT","Primary","Regular school","No","376","No"
"2008","090192000354","BARNARD-BROWN SCHOOL","CT","HARTFORD SCHOOL DISTRICT","Not applicable","Regular school","No","Not applicable","No"
"2008","090192000355","BATCHELDER SCHOOL","CT","HARTFORD SCHOOL DISTRICT","Primary","Regular school","No","546","No"
"2008","090192001534","BREAKTHROUGH II","CT","HARTFORD SCHOOL DISTRICT","Primary","Regular school","No","102","No"
"2008","090192001369","BREAKTHROUGH MAGNET SCHOOL","CT","HARTFORD SCHOOL DISTRICT","Primary","Regular school","No","342","Yes"
"2008","090192000356","BULKELEY HIGH SCHOOL","CT","HARTFORD SCHOOL DISTRICT","High","Regular school","No","1387","No"
"2008","090192000357","BURNS SCHOOL","CT","HARTFORD SCHOOL DISTRICT","Primary","Regular school","No","534","No"
"2008","090192000358","BURR SCHOOL","CT","HARTFORD SCHOOL DISTRICT","Primary","Regular school","No","520","No"
"2008","090192001435","CAPITOL PREPARATORY MAGNET SCHOOL","CT","HARTFORD SCHOOL DISTRICT","Other","Regular school","No","271","Yes"
"2008","090192000359","CLARK SCHOOL","CT","HARTFORD SCHOOL DISTRICT","Primary","Regular school","No","466","No"
"2008","090192001522","CULINARY ARTS ACADEMY","CT","HARTFORD SCHOOL DISTRICT","High","Regular school","No","221","No"
"2008","090192000006","DR. JOSEPH BELIZZI MIDDLE SCHOOL","CT","HARTFORD SCHOOL DISTRICT","Middle","Regular school","No","428","No"
"2008","090192001192","DR. RAMON E. BETANCES SCHOOL","CT","HARTFORD SCHOOL DISTRICT","Primary","Regular school","No","439","No"
"2008","090192000360","DWIGHT SCHOOL","CT","HARTFORD SCHOOL DISTRICT","Primary","Regular school","No","355","No"
"2008","090192000363","FOX MIDDLE SCHOOL","CT","HARTFORD SCHOOL DISTRICT","Other","Regular school","No","163","No"
"2008","090192001478","GREATER HARTFORD CLASSICAL MAGNET SC","CT","HARTFORD SCHOOL DISTRICT","Other","Regular school","No","697","Yes"
"2008","090192001295","HARTFORD MAGNET MIDDLE SCHOOL","CT","HARTFORD SCHOOL DISTRICT","Middle","Regular school","No","613","Yes"
"2008","090192000365","HARTFORD PUBLIC HIGH SCHOOL","CT","HARTFORD SCHOOL DISTRICT","High","Regular school","No","1541","No"
"2008","090192000366","HOOKER SCHOOL","CT","HARTFORD SCHOOL DISTRICT","Primary","Regular school","No","407","No"
"2008","090192001535","IB GLOBAL COMMUNICATIONS ACADEMY","CT","HARTFORD SCHOOL DISTRICT","Primary","Regular school","No","208","No"
"2008","090192000368","KENNELLY SCHOOL","CT","HARTFORD SCHOOL DISTRICT","Primary","Regular school","No","799","No"
"2008","090192000370","KINSELLA SCHOOL","CT","HARTFORD SCHOOL DISTRICT","Primary","Regular school","No","569","Yes"
"2008","090192000997","LITTLE OWLS LEARNING CENTER","CT","HARTFORD SCHOOL DISTRICT","Primary","Regular school","No","17","No"
"2008","090192000364","M. D. FOX ELEMENTARY SCHOOL","CT","HARTFORD SCHOOL DISTRICT","Primary","Regular school","No","783","No"
"2008","090192000369","M. L. KING SCHOOL","CT","HARTFORD SCHOOL DISTRICT","Primary","Regular school","No","522","No"
"2008","090192000371","MCDONOUGH SCHOOL","CT","HARTFORD SCHOOL DISTRICT","Primary","Regular school","No","396","No"
"2008","090192000381","MILNER SCHOOL","CT","HARTFORD SCHOOL DISTRICT","Primary","Regular school","No","417","No"
"2008","090192000636","MOYLAN SCHOOL","CT","HARTFORD SCHOOL DISTRICT","Primary","Regular school","No","537","No"
"2008","090192000372","NAYLOR SCHOOL","CT","HARTFORD SCHOOL DISTRICT","Primary","Regular school","No","608","No"
"2008","090192000383","NOAH WEBSTER MICRO SOCIETY SCHOOL","CT","HARTFORD SCHOOL DISTRICT","Primary","Regular school","No","610","Yes"
"2008","090192000373","PARKVILLE COMMUNITY SCHOOL","CT","HARTFORD SCHOOL DISTRICT","Primary","Regular school","No","578","No"
"2008","090192001479","PATHWAYS TO TECHNOLOGY MAGNET SCHOOL","CT","HARTFORD SCHOOL DISTRICT","High","Regular school","No","391","Yes"
"2008","090192000375","QUIRK MIDDLE SCHOOL","CT","HARTFORD SCHOOL DISTRICT","Middle","Regular school","No","568","No"
"2008","090192000376","RAWSON SCHOOL","CT","HARTFORD SCHOOL DISTRICT","Primary","Regular school","No","755","No"
"2008","090192000026","SANCHEZ SCHOOL","CT","HARTFORD SCHOOL DISTRICT","Primary","Regular school","No","528","No"
"2008","090192000377","SAND SCHOOL","CT","HARTFORD SCHOOL DISTRICT","Primary","Regular school","No","442","No"
"2008","090192000378","SIMPSON-WAVERLY CLASSICAL MAGNET SCH","CT","HARTFORD SCHOOL DISTRICT","Primary","Regular school","No","347","No"
"2008","090192001370","SPORTS AND MEDICAL SCIENCES ACADEMY","CT","HARTFORD SCHOOL DISTRICT","High","Regular school","No","578","Yes"
"2008","090192000380","TWAIN SCHOOL","CT","HARTFORD SCHOOL DISTRICT","Not applicable","Regular school","No","Not applicable","No"
"2008","090192001381","UNIVERSITY HIGH SCHOOL","CT","HARTFORD SCHOOL DISTRICT","High","Regular school","No","346","Yes"
"2008","090192000382","WEAVER HIGH SCHOOL","CT","HARTFORD SCHOOL DISTRICT","High","Regular school","No","873","No"
"2008","090192000384","WEST MIDDLE SCHOOL","CT","HARTFORD SCHOOL DISTRICT","Primary","Regular school","No","670","No"
"2008","090192000385","WISH SCHOOL","CT","HARTFORD SCHOOL DISTRICT","Primary","Regular school","No","424","No"
"2007","090192000362","ANNIE-FISHER MULTIPLE INTELLIGENCE M","CT","HARTFORD SCHOOL DISTRICT","Primary","Regular school","No","560","Yes"
"2007","090192000354","BARNARD-BROWN SCHOOL","CT","HARTFORD SCHOOL DISTRICT","Primary","Regular school","No","333","No"
"2007","090192000355","BATCHELDER SCHOOL","CT","HARTFORD SCHOOL DISTRICT","Primary","Regular school","No","578","No"
"2007","090192001369","BREAKTHROUGH MAGNET SCHOOL","CT","HARTFORD SCHOOL DISTRICT","Primary","Regular school","No","320","Yes"
"2007","090192000356","BULKELEY HIGH SCHOOL","CT","HARTFORD SCHOOL DISTRICT","High","Regular school","No","1484","No"
"2007","090192000357","BURNS SCHOOL","CT","HARTFORD SCHOOL DISTRICT","Primary","Regular school","No","533","No"
"2007","090192000358","BURR SCHOOL","CT","HARTFORD SCHOOL DISTRICT","Primary","Regular school","No","537","No"
"2007","090192001435","CAPITOL PREPARATORY MAGNET SCHOOL","CT","HARTFORD SCHOOL DISTRICT","Other","Regular school","No","266","Yes"
"2007","090192000359","CLARK SCHOOL","CT","HARTFORD SCHOOL DISTRICT","Primary","Regular school","No","442","No"
"2007","090192000006","DR. JOSEPH BELIZZI MIDDLE SCHOOL","CT","HARTFORD SCHOOL DISTRICT","Middle","Regular school","No","447","No"
"2007","090192001192","DR. RAMON E. BETANCES SCHOOL","CT","HARTFORD SCHOOL DISTRICT","Primary","Regular school","No","403","No"
"2007","090192000360","DWIGHT SCHOOL","CT","HARTFORD SCHOOL DISTRICT","Primary","Regular school","No","434","No"
"2007","090192000363","FOX MIDDLE SCHOOL","CT","HARTFORD SCHOOL DISTRICT","Middle","Regular school","No","461","No"
"2007","090192001478","GREATER HARTFORD CLASSICAL MAGNET SC","CT","HARTFORD SCHOOL DISTRICT","Other","Regular school","No","620","Yes"
"2007","090192001295","HARTFORD MAGNET MIDDLE SCHOOL","CT","HARTFORD SCHOOL DISTRICT","Middle","Regular school","No","602","Yes"
"2007","090192000365","HARTFORD PUBLIC HIGH SCHOOL","CT","HARTFORD SCHOOL DISTRICT","High","Regular school","No","1569","No"
"2007","090192000366","HOOKER SCHOOL","CT","HARTFORD SCHOOL DISTRICT","Primary","Regular school","No","403","Yes"
"2007","090192000368","KENNELLY SCHOOL","CT","HARTFORD SCHOOL DISTRICT","Primary","Regular school","No","809","No"
"2007","090192000370","KINSELLA SCHOOL","CT","HARTFORD SCHOOL DISTRICT","Primary","Regular school","No","517","Yes"
"2007","090192000997","LITTLE OWLS LEARNING CENTER","CT","HARTFORD SCHOOL DISTRICT","Primary","Regular school","No","12","No"
"2007","090192000364","M. D. FOX ELEMENTARY SCHOOL","CT","HARTFORD SCHOOL DISTRICT","Primary","Regular school","No","824","No"
"2007","090192000369","M. L. KING SCHOOL","CT","HARTFORD SCHOOL DISTRICT","Primary","Regular school","No","600","No"
"2007","090192000371","MCDONOUGH SCHOOL","CT","HARTFORD SCHOOL DISTRICT","Primary","Regular school","No","441","No"
"2007","090192000381","MILNER SCHOOL","CT","HARTFORD SCHOOL DISTRICT","Primary","Regular school","No","360","No"
"2007","090192000636","MOYLAN SCHOOL","CT","HARTFORD SCHOOL DISTRICT","Primary","Regular school","No","598","No"
"2007","090192000372","NAYLOR SCHOOL","CT","HARTFORD SCHOOL DISTRICT","Primary","Regular school","No","564","No"
"2007","090192000383","NOAH WEBSTER MICRO SOCIETY SCHOOL","CT","HARTFORD SCHOOL DISTRICT","Primary","Regular school","No","620","Yes"
"2007","090192000373","PARKVILLE COMMUNITY SCHOOL","CT","HARTFORD SCHOOL DISTRICT","Primary","Regular school","No","596","No"
"2007","090192001479","PATHWAYS TO TECHNOLOGY MAGNET SCHOOL","CT","HARTFORD SCHOOL DISTRICT","High","Regular school","No","350","Yes"
"2007","090192000375","QUIRK MIDDLE SCHOOL","CT","HARTFORD SCHOOL DISTRICT","Middle","Regular school","No","575","No"
"2007","090192000376","RAWSON SCHOOL","CT","HARTFORD SCHOOL DISTRICT","Primary","Regular school","No","586","No"
"2007","090192000026","SANCHEZ SCHOOL","CT","HARTFORD SCHOOL DISTRICT","Primary","Regular school","No","580","No"
"2007","090192000377","SAND SCHOOL","CT","HARTFORD SCHOOL DISTRICT","Primary","Regular school","No","366","No"
"2007","090192000378","SIMPSON-WAVERLY CLASSICAL MAGNET SCH","CT","HARTFORD SCHOOL DISTRICT","Primary","Regular school","No","366","Yes"
"2007","090192001370","SPORTS AND MEDICAL SCIENCES ACADEMY","CT","HARTFORD SCHOOL DISTRICT","High","Regular school","No","395","Yes"
"2007","090192000380","TWAIN SCHOOL","CT","HARTFORD SCHOOL DISTRICT","Primary","Regular school","No","282","No"
"2007","090192001381","UNIVERSITY HIGH SCHOOL","CT","HARTFORD SCHOOL DISTRICT","High","Regular school","No","342","Yes"
"2007","090192000382","WEAVER HIGH SCHOOL","CT","HARTFORD SCHOOL DISTRICT","High","Regular school","No","1260","No"
"2007","090192000384","WEST MIDDLE SCHOOL","CT","HARTFORD SCHOOL DISTRICT","Primary","Regular school","No","768","No"
"2007","090192000385","WISH SCHOOL","CT","HARTFORD SCHOOL DISTRICT","Primary","Regular school","No","437","No"
"2006","090192000362","ANNIE-FISHER MULTIPLE INTELLIGENCE M","CT","HARTFORD SCHOOL DISTRICT","Primary","Regular school","No","620","Yes"
"2006","090192000354","BARNARD-BROWN SCHOOL","CT","HARTFORD SCHOOL DISTRICT","Primary","Regular school","No","387","No"
"2006","090192000355","BATCHELDER SCHOOL","CT","HARTFORD SCHOOL DISTRICT","Primary","Regular school","No","510","No"
"2006","090192001369","BREAKTHROUGH MAGNET SCHOOL","CT","HARTFORD SCHOOL DISTRICT","Primary","Regular school","No","306","Yes"
"2006","090192000356","BULKELEY HIGH SCHOOL","CT","HARTFORD SCHOOL DISTRICT","High","Regular school","No","1445","No"
"2006","090192000357","BURNS SCHOOL","CT","HARTFORD SCHOOL DISTRICT","Primary","Regular school","No","511","No"
"2006","090192000358","BURR SCHOOL","CT","HARTFORD SCHOOL DISTRICT","Primary","Regular school","No","513","No"
"2006","090192001435","CAPITOL PREPARATORY MAGNET SCHOOL","CT","HARTFORD SCHOOL DISTRICT","Other","Regular school","No","260","Yes"
"2006","090192000359","CLARK SCHOOL","CT","HARTFORD SCHOOL DISTRICT","Primary","Regular school","No","397","No"
"2006","090192000006","DR. JOSEPH BELIZZI MIDDLE SCHOOL","CT","HARTFORD SCHOOL DISTRICT","Middle","Regular school","No","523","No"
"2006","090192001192","DR. RAMON E. BETANCES SCHOOL","CT","HARTFORD SCHOOL DISTRICT","Primary","Regular school","No","395","No"
"2006","090192000360","DWIGHT SCHOOL","CT","HARTFORD SCHOOL DISTRICT","Primary","Regular school","No","429","No"
"2006","090192000363","FOX MIDDLE SCHOOL","CT","HARTFORD SCHOOL DISTRICT","Middle","Regular school","No","596","No"
"2006","090192001478","GREATER HARTFORD CLASSICAL MAGNET SC","CT","HARTFORD SCHOOL DISTRICT","Other","Regular school","No","584","Yes"
"2006","090192001295","HARTFORD MAGNET MIDDLE SCHOOL","CT","HARTFORD SCHOOL DISTRICT","Middle","Regular school","No","606","Yes"
"2006","090192000365","HARTFORD PUBLIC HIGH SCHOOL","CT","HARTFORD SCHOOL DISTRICT","High","Regular school","No","1550","No"
"2006","090192000366","HOOKER SCHOOL","CT","HARTFORD SCHOOL DISTRICT","Primary","Regular school","No","402","Yes"
"2006","090192000368","KENNELLY SCHOOL","CT","HARTFORD SCHOOL DISTRICT","Primary","Regular school","No","830","No"
"2006","090192000370","KINSELLA SCHOOL","CT","HARTFORD SCHOOL DISTRICT","Primary","Regular school","No","489","Yes"
"2006","090192000997","LITTLE OWLS LEARNING CENTER","CT","HARTFORD SCHOOL DISTRICT","Primary","Regular school","No","6","No"
"2006","090192000364","M. D. FOX ELEMENTARY SCHOOL","CT","HARTFORD SCHOOL DISTRICT","Primary","Regular school","No","830","No"
"2006","090192000369","M. L. KING SCHOOL","CT","HARTFORD SCHOOL DISTRICT","Primary","Regular school","No","665","No"
"2006","090192000371","MCDONOUGH SCHOOL","CT","HARTFORD SCHOOL DISTRICT","Primary","Regular school","No","464","No"
"2006","090192000381","MILNER SCHOOL","CT","HARTFORD SCHOOL DISTRICT","Primary","Regular school","No","404","No"
"2006","090192000636","MOYLAN SCHOOL","CT","HARTFORD SCHOOL DISTRICT","Primary","Regular school","No","583","No"
"2006","090192000372","NAYLOR SCHOOL","CT","HARTFORD SCHOOL DISTRICT","Primary","Regular school","No","576","No"
"2006","090192000383","NOAH WEBSTER MICRO SOCIETY SCHOOL","CT","HARTFORD SCHOOL DISTRICT","Primary","Regular school","No","625","No"
"2006","090192000373","PARKVILLE COMMUNITY SCHOOL","CT","HARTFORD SCHOOL DISTRICT","Primary","Regular school","No","561","No"
"2006","090192001479","PATHWAYS TO TECHNOLOGY MAGNET SCHOOL","CT","HARTFORD SCHOOL DISTRICT","High","Regular school","No","300","Yes"
"2006","090192000375","QUIRK MIDDLE SCHOOL","CT","HARTFORD SCHOOL DISTRICT","Middle","Regular school","No","671","No"
"2006","090192000376","RAWSON SCHOOL","CT","HARTFORD SCHOOL DISTRICT","Primary","Regular school","No","422","No"
"2006","090192000026","SANCHEZ SCHOOL","CT","HARTFORD SCHOOL DISTRICT","Primary","Regular school","No","530","No"
"2006","090192000377","SAND SCHOOL","CT","HARTFORD SCHOOL DISTRICT","Primary","Regular school","No","351","No"
"2006","090192000378","SIMPSON-WAVERLY CLASSICAL MAGNET SCH","CT","HARTFORD SCHOOL DISTRICT","Primary","Regular school","No","371","No"
"2006","090192001370","SPORTS AND MEDICAL SCIENCES ACADEMY","CT","HARTFORD SCHOOL DISTRICT","High","Regular school","No","402","Yes"
"2006","090192000380","TWAIN SCHOOL","CT","HARTFORD SCHOOL DISTRICT","Primary","Regular school","No","290","No"
"2006","090192001381","UNIVERSITY HIGH SCHOOL","CT","HARTFORD SCHOOL DISTRICT","Other","Regular school","No","320","Yes"
"2006","090192000382","WEAVER HIGH SCHOOL","CT","HARTFORD SCHOOL DISTRICT","High","Regular school","No","1282","No"
"2006","090192000384","WEST MIDDLE SCHOOL","CT","HARTFORD SCHOOL DISTRICT","Primary","Regular school","No","739","No"
"2006","090192000385","WISH SCHOOL","CT","HARTFORD SCHOOL DISTRICT","Primary","Regular school","No","415","No"
"2005","090192000362","ANNIE-FISHER MULTIPLE INTELLIGENCE MAGNET SC","CT","HARTFORD SCHOOL DISTRICT","Primary","Regular school","No","589","Yes"
"2005","090192000354","BARNARD-BROWN SCHOOL","CT","HARTFORD SCHOOL DISTRICT","Other","Regular school","No","504","No"
"2005","090192000355","BATCHELDER SCHOOL","CT","HARTFORD SCHOOL DISTRICT","Other","Regular school","No","586","No"
"2005","090192001369","BREAKTHROUGH MAGNET SCHOOL","CT","HARTFORD SCHOOL DISTRICT","Other","Regular school","No","226","Yes"
"2005","090192000356","BULKELEY HIGH SCHOOL","CT","HARTFORD SCHOOL DISTRICT","High","Regular school","No","1230","No"
"2005","090192000357","BURNS SCHOOL","CT","HARTFORD SCHOOL DISTRICT","Primary","Regular school","No","701","No"
"2005","090192000358","BURR SCHOOL","CT","HARTFORD SCHOOL DISTRICT","Other","Regular school","No","475","No"
"2005","090192001435","CAPITOL PREPARATORY MAGNET SCHOOL","CT","HARTFORD SCHOOL DISTRICT","Other","Regular school","No","142","Yes"
"2005","090192000359","CLARK SCHOOL","CT","HARTFORD SCHOOL DISTRICT","Primary","Regular school","No","436","No"
"2005","090192000006","DR. JOSEPH BELIZZI MIDDLE SCHOOL","CT","HARTFORD SCHOOL DISTRICT","Other","Regular school","No","699","No"
"2005","090192001192","DR. RAMON E. BETANCES SCHOOL","CT","HARTFORD SCHOOL DISTRICT","Primary","Regular school","No","438","No"
"2005","090192000360","DWIGHT SCHOOL","CT","HARTFORD SCHOOL DISTRICT","Primary","Regular school","No","577","No"
"2005","090192000363","FOX MIDDLE SCHOOL","CT","HARTFORD SCHOOL DISTRICT","Middle","Regular school","No","761","No"
"2005","090192001478","GREATER HARTFORD CLASSICAL MAGNET SCHOOL","CT","HARTFORD SCHOOL DISTRICT","Other","Regular school","No","428","Yes"
"2005","090192001295","HARTFORD MAGNET MIDDLE SCHOOL","CT","HARTFORD SCHOOL DISTRICT","Middle","Regular school","No","572","Yes"
"2005","090192000365","HARTFORD PUBLIC HIGH SCHOOL","CT","HARTFORD SCHOOL DISTRICT","High","Regular school","No","1068","No"
"2005","090192000366","HOOKER SCHOOL","CT","HARTFORD SCHOOL DISTRICT","Primary","Regular school","No","345","No"
"2005","090192000368","KENNELLY SCHOOL","CT","HARTFORD SCHOOL DISTRICT","Other","Regular school","No","821","No"
"2005","090192000370","KINSELLA SCHOOL","CT","HARTFORD SCHOOL DISTRICT","Primary","Regular school","No","425","No"
"2005","090192000997","LITTLE OWLS LEARNING CENTER","CT","HARTFORD SCHOOL DISTRICT","Other","Regular school","No","Not applicable","No"
"2005","090192000364","M. D. FOX ELEMENTARY SCHOOL","CT","HARTFORD SCHOOL DISTRICT","Primary","Regular school","No","925","No"
"2005","090192000369","M. L. KING SCHOOL","CT","HARTFORD SCHOOL DISTRICT","Primary","Regular school","No","792","No"
"2005","090192000371","MCDONOUGH SCHOOL","CT","HARTFORD SCHOOL DISTRICT","Primary","Regular school","No","504","No"
"2005","090192000381","MILNER SCHOOL","CT","HARTFORD SCHOOL DISTRICT","Primary","Regular school","No","501","No"
"2005","090192000636","MOYLAN SCHOOL","CT","HARTFORD SCHOOL DISTRICT","Primary","Regular school","No","581","No"
"2005","090192000372","NAYLOR SCHOOL","CT","HARTFORD SCHOOL DISTRICT","Other","Regular school","No","561","No"
"2005","090192000383","NOAH WEBSTER MICRO SOCIETY SCHOOL","CT","HARTFORD SCHOOL DISTRICT","Other","Regular school","No","562","Yes"
"2005","090192000373","PARKVILLE COMMUNITY SCHOOL","CT","HARTFORD SCHOOL DISTRICT","Primary","Regular school","No","664","No"
"2005","090192001479","PATHWAYS TO TECHNOLOGY MAGNET SCHOOL","CT","HARTFORD SCHOOL DISTRICT","High","Regular school","No","173","Yes"
"2005","090192000375","QUIRK MIDDLE SCHOOL","CT","HARTFORD SCHOOL DISTRICT","Middle","Regular school","No","831","No"
"2005","090192000376","RAWSON SCHOOL","CT","HARTFORD SCHOOL DISTRICT","Primary","Regular school","No","334","No"
"2005","090192000026","SANCHEZ SCHOOL","CT","HARTFORD SCHOOL DISTRICT","Primary","Regular school","No","559","No"
"2005","090192000377","SAND SCHOOL","CT","HARTFORD SCHOOL DISTRICT","Other","Regular school","No","401","No"
"2005","090192000378","SIMPSON-WAVERLY CLASSICAL MAGNET SCHOOL","CT","HARTFORD SCHOOL DISTRICT","Primary","Regular school","No","420","Yes"
"2005","090192001370","SPORTS AND MEDICAL SCIENCES ACADEMY","CT","HARTFORD SCHOOL DISTRICT","High","Regular school","No","318","Yes"
"2005","090192000380","TWAIN SCHOOL","CT","HARTFORD SCHOOL DISTRICT","Primary","Regular school","No","347","No"
"2005","090192001381","UNIVERSITY HIGH SCHOOL","CT","HARTFORD SCHOOL DISTRICT","Other","Regular school","No","152","Yes"
"2005","090192000382","WEAVER HIGH SCHOOL","CT","HARTFORD SCHOOL DISTRICT","High","Regular school","No","1016","No"
"2005","090192000384","WEST MIDDLE SCHOOL","CT","HARTFORD SCHOOL DISTRICT","Primary","Regular school","No","795","No"
"2005","090192000385","WISH SCHOOL","CT","HARTFORD SCHOOL DISTRICT","Primary","Regular school","No","475","No"
"2004","090192000354","BARNARD-BROWN SCHOOL","CT","HARTFORD SCHOOL DISTRICT","Primary","Regular school","No","457","No"
"2004","090192000355","BATCHELDER SCHOOL","CT","HARTFORD SCHOOL DISTRICT","Primary","Regular school","No","554","No"
"2004","090192001369","BREAKTHROUGH MAGNET SCHOOL","CT","HARTFORD SCHOOL DISTRICT","Primary","Regular school","No","208","Yes"
"2004","090192000356","BULKELEY HIGH SCHOOL","CT","HARTFORD SCHOOL DISTRICT","High","Regular school","No","1633","No"
"2004","090192000357","BURNS SCHOOL","CT","HARTFORD SCHOOL DISTRICT","Primary","Regular school","No","618","No"
"2004","090192000358","BURR SCHOOL","CT","HARTFORD SCHOOL DISTRICT","Primary","Regular school","No","460","No"
"2004","090192000359","CLARK SCHOOL","CT","HARTFORD SCHOOL DISTRICT","Primary","Regular school","No","390","No"
"2004","090192000006","DR. JOSEPH BELIZZI MIDDLE S","CT","HARTFORD SCHOOL DISTRICT","Middle","Regular school","No","744","No"
"2004","090192001192","DR. RAMON E. BETANCES SCHOO","CT","HARTFORD SCHOOL DISTRICT","Primary","Regular school","No","441","No"
"2004","090192000360","DWIGHT SCHOOL","CT","HARTFORD SCHOOL DISTRICT","Primary","Regular school","No","520","No"
"2004","090192000362","FISHER SCHOOL","CT","HARTFORD SCHOOL DISTRICT","Primary","Regular school","No","558","No"
"2004","090192000363","FOX MIDDLE SCHOOL","CT","HARTFORD SCHOOL DISTRICT","Middle","Regular school","No","796","No"
"2004","090192001478","GREATER HARTFORD CLASSICAL","CT","HARTFORD SCHOOL DISTRICT","Other","Regular school","No","373","Yes"
"2004","090192001295","HARTFORD MAGNET MIDDLE SCHO","CT","HARTFORD SCHOOL DISTRICT","Middle","Regular school","No","600","Yes"
"2004","090192000365","HARTFORD PUBLIC HIGH SCHOOL","CT","HARTFORD SCHOOL DISTRICT","High","Regular school","No","1405","No"
"2004","090192001380","HARTFORD TRANSITIONAL LEARN","CT","HARTFORD SCHOOL DISTRICT","Primary","Regular school","No","60","No"
"2004","090192000222","HARTFORD TRANSITIONAL LEARN","CT","HARTFORD SCHOOL DISTRICT","Other","Regular school","No","195","No"
"2004","090192000366","HOOKER SCHOOL","CT","HARTFORD SCHOOL DISTRICT","Primary","Regular school","No","318","No"
"2004","090192000368","KENNELLY SCHOOL","CT","HARTFORD SCHOOL DISTRICT","Primary","Regular school","No","817","No"
"2004","090192000370","KINSELLA SCHOOL","CT","HARTFORD SCHOOL DISTRICT","Primary","Regular school","No","384","No"
"2004","090192000997","LITTLE OWLS LEARNING CENTER","CT","HARTFORD SCHOOL DISTRICT","Primary","Regular school","No","Not applicable","No"
"2004","090192000364","M. D. FOX ELEMENTARY SCHOOL","CT","HARTFORD SCHOOL DISTRICT","Primary","Regular school","No","866","No"
"2004","090192000369","M. L. KING SCHOOL","CT","HARTFORD SCHOOL DISTRICT","Primary","Regular school","No","729","No"
"2004","090192000371","MCDONOUGH SCHOOL","CT","HARTFORD SCHOOL DISTRICT","Primary","Regular school","No","491","No"
"2004","090192000381","MILNER SCHOOL","CT","HARTFORD SCHOOL DISTRICT","Primary","Regular school","No","493","No"
"2004","090192000636","MOYLAN SCHOOL","CT","HARTFORD SCHOOL DISTRICT","Primary","Regular school","No","540","No"
"2004","090192000372","NAYLOR SCHOOL","CT","HARTFORD SCHOOL DISTRICT","Primary","Regular school","No","563","No"
"2004","090192000373","PARKVILLE COMMUNITY","CT","HARTFORD SCHOOL DISTRICT","Primary","Regular school","No","611","No"
"2004","090192001479","PATHWAYS TO TECHNOLOGY MAGN","CT","HARTFORD SCHOOL DISTRICT","Other","Regular school","No","162","Yes"
"2004","090192000375","QUIRK MIDDLE SCHOOL","CT","HARTFORD SCHOOL DISTRICT","Middle","Regular school","No","934","No"
"2004","090192000376","RAWSON SCHOOL","CT","HARTFORD SCHOOL DISTRICT","Primary","Regular school","No","299","No"
"2004","090192000026","SANCHEZ SCHOOL","CT","HARTFORD SCHOOL DISTRICT","Primary","Regular school","No","526","No"
"2004","090192000377","SAND SCHOOL","CT","HARTFORD SCHOOL DISTRICT","Primary","Regular school","No","371","No"
"2004","090192000378","SIMPSON-WAVERLY SCHOOL","CT","HARTFORD SCHOOL DISTRICT","Primary","Regular school","No","383","Yes"
"2004","090192001370","SPORT AND MEDICAL SCIENCES","CT","HARTFORD SCHOOL DISTRICT","High","Regular school","No","384","Yes"
"2004","090192000380","TWAIN SCHOOL","CT","HARTFORD SCHOOL DISTRICT","Primary","Regular school","No","337","No"
"2004","090192001381","UNIVERSITY HIGH SCHOOL","CT","HARTFORD SCHOOL DISTRICT","Other","Regular school","No","103","Yes"
"2004","090192000382","WEAVER HIGH SCHOOL","CT","HARTFORD SCHOOL DISTRICT","High","Regular school","No","1247","No"
"2004","090192000383","WEBSTER SCHOOL","CT","HARTFORD SCHOOL DISTRICT","Primary","Regular school","No","571","Yes"
"2004","090192000384","WEST MIDDLE SCHOOL","CT","HARTFORD SCHOOL DISTRICT","Primary","Regular school","No","711","No"
"2004","090192000385","WISH SCHOOL","CT","HARTFORD SCHOOL DISTRICT","Primary","Regular school","No","444","No"
"2003","090192000354","BARNARD-BROWN SCHOOL","CT","HARTFORD SCHOOL DISTRICT","Primary","Regular school","No","480","No"
"2003","090192000355","BATCHELDER SCHOOL","CT","HARTFORD SCHOOL DISTRICT","Primary","Regular school","No","549","No"
"2003","090192001369","BREAKTHROUGH MAGNET SCHOOL","CT","HARTFORD SCHOOL DISTRICT","Primary","Regular school","No","205","Yes"
"2003","090192000356","BULKELEY HIGH SCHOOL","CT","HARTFORD SCHOOL DISTRICT","High","Regular school","No","1673","No"
"2003","090192000357","BURNS SCHOOL","CT","HARTFORD SCHOOL DISTRICT","Primary","Regular school","No","629","No"
"2003","090192000358","BURR SCHOOL","CT","HARTFORD SCHOOL DISTRICT","Primary","Regular school","No","511","No"
"2003","090192000359","CLARK SCHOOL","CT","HARTFORD SCHOOL DISTRICT","Primary","Regular school","No","422","No"
"2003","090192000006","DR. JOSEPH BELIZZI MIDDLE SCHOOL","CT","HARTFORD SCHOOL DISTRICT","Middle","Regular school","No","710","No"
"2003","090192001192","DR. RAMON E. BETANCES SCHOOL","CT","HARTFORD SCHOOL DISTRICT","Primary","Regular school","No","431","No"
"2003","090192000360","DWIGHT SCHOOL","CT","HARTFORD SCHOOL DISTRICT","Primary","Regular school","No","545","No"
"2003","090192000362","FISHER SCHOOL","CT","HARTFORD SCHOOL DISTRICT","Primary","Regular school","No","603","No"
"2003","090192000363","FOX MIDDLE SCHOOL","CT","HARTFORD SCHOOL DISTRICT","Middle","Regular school","No","800","No"
"2003","090192001478","GREATER HARTFORD CLASSICAL MAGNET SCHOOL","CT","HARTFORD SCHOOL DISTRICT","High","Regular school","No","440","Yes"
"2003","090192001295","HARTFORD MAGNET MIDDLE SCHOOL","CT","HARTFORD SCHOOL DISTRICT","Middle","Regular school","No","591","Yes"
"2003","090192000365","HARTFORD PUBLIC HIGH SCHOOL","CT","HARTFORD SCHOOL DISTRICT","High","Regular school","No","1182","No"
"2003","090192000366","HOOKER SCHOOL","CT","HARTFORD SCHOOL DISTRICT","Primary","Regular school","No","301","No"
"2003","090192000368","KENNELLY SCHOOL","CT","HARTFORD SCHOOL DISTRICT","Primary","Regular school","No","773","No"
"2003","090192000370","KINSELLA SCHOOL","CT","HARTFORD SCHOOL DISTRICT","Primary","Regular school","No","446","No"
"2003","090192000997","LITTLE OWLS LEARNING CENTER","CT","HARTFORD SCHOOL DISTRICT","Primary","Regular school","No","9","No"
"2003","090192000364","M. D. FOX ELEMENTARY SCHOOL","CT","HARTFORD SCHOOL DISTRICT","Primary","Regular school","No","893","No"
"2003","090192000369","M. L. KING SCHOOL","CT","HARTFORD SCHOOL DISTRICT","Primary","Regular school","No","771","No"
"2003","090192000371","MCDONOUGH SCHOOL","CT","HARTFORD SCHOOL DISTRICT","Primary","Regular school","No","539","No"
"2003","090192000381","MILNER SCHOOL","CT","HARTFORD SCHOOL DISTRICT","Primary","Regular school","No","578","No"
"2003","090192000636","MOYLAN SCHOOL","CT","HARTFORD SCHOOL DISTRICT","Primary","Regular school","No","506","No"
"2003","090192000372","NAYLOR SCHOOL","CT","HARTFORD SCHOOL DISTRICT","Primary","Regular school","No","600","No"
"2003","090192000373","PARKVILLE COMMUNITY","CT","HARTFORD SCHOOL DISTRICT","Primary","Regular school","No","601","No"
"2003","090192001479","PATHWAYS TO TECHNOLOGY MAGNET SCHOOL","CT","HARTFORD SCHOOL DISTRICT","Other","Regular school","No","85","Yes"
"2003","090192000375","QUIRK MIDDLE SCHOOL","CT","HARTFORD SCHOOL DISTRICT","Middle","Regular school","No","968","No"
"2003","090192000376","RAWSON SCHOOL","CT","HARTFORD SCHOOL DISTRICT","Primary","Regular school","No","296","No"
"2003","090192000026","SANCHEZ SCHOOL","CT","HARTFORD SCHOOL DISTRICT","Primary","Regular school","No","577","No"
"2003","090192000377","SAND SCHOOL","CT","HARTFORD SCHOOL DISTRICT","Primary","Regular school","No","346","No"
"2003","090192000378","SIMPSON-WAVERLY SCHOOL","CT","HARTFORD SCHOOL DISTRICT","Primary","Regular school","No","323","No"
"2003","090192001370","SPORT AND MEDICAL SCIENCES ACADEMY","CT","HARTFORD SCHOOL DISTRICT","High","Regular school","No","357","Yes"
"2003","090192000380","TWAIN SCHOOL","CT","HARTFORD SCHOOL DISTRICT","Primary","Regular school","No","359","No"
"2003","090192000382","WEAVER HIGH SCHOOL","CT","HARTFORD SCHOOL DISTRICT","High","Regular school","No","1264","No"
"2003","090192000383","WEBSTER SCHOOL","CT","HARTFORD SCHOOL DISTRICT","Primary","Regular school","No","543","No"
"2003","090192000384","WEST MIDDLE SCHOOL","CT","HARTFORD SCHOOL DISTRICT","Primary","Regular school","No","649","No"
"2003","090192000385","WISH SCHOOL","CT","HARTFORD SCHOOL DISTRICT","Primary","Regular school","No","417","No"
"2002","090192000354","BARNARD-BROWN SCHOOL","CT","HARTFORD SCHOOL DISTRICT","Primary","Regular school","No","481","No"
"2002","090192000355","BATCHELDER SCHOOL","CT","HARTFORD SCHOOL DISTRICT","Primary","Regular school","No","581","No"
"2002","090192001369","BREAKTHROUGH MAGNET SCHOOL","CT","HARTFORD SCHOOL DISTRICT","Primary","Regular school","No","192","Yes"
"2002","090192000356","BULKELEY HIGH SCHOOL","CT","HARTFORD SCHOOL DISTRICT","High","Regular school","No","1751","No"
"2002","090192000357","BURNS SCHOOL","CT","HARTFORD SCHOOL DISTRICT","Primary","Regular school","No","662","No"
"2002","090192000358","BURR SCHOOL","CT","HARTFORD SCHOOL DISTRICT","Primary","Regular school","No","549","No"
"2002","090192000359","CLARK SCHOOL","CT","HARTFORD SCHOOL DISTRICT","Primary","Regular school","No","418","No"
"2002","090192001192","DR. RAMON E. BETANCES SCHOOL","CT","HARTFORD SCHOOL DISTRICT","Primary","Regular school","No","409","No"
"2002","090192000360","DWIGHT SCHOOL","CT","HARTFORD SCHOOL DISTRICT","Primary","Regular school","No","562","No"
"2002","090192000362","FISHER SCHOOL","CT","HARTFORD SCHOOL DISTRICT","Primary","Regular school","No","661","No"
"2002","090192000363","FOX MIDDLE SCHOOL","CT","HARTFORD SCHOOL DISTRICT","Middle","Regular school","No","778","No"
"2002","090192001295","HARTFORD MAGNET MIDDLE SCHOOL","CT","HARTFORD SCHOOL DISTRICT","Middle","Regular school","No","562","Yes"
"2002","090192000365","HARTFORD PUBLIC HIGH SCHOOL","CT","HARTFORD SCHOOL DISTRICT","High","Regular school","No","1422","No"
"2002","090192000366","HOOKER SCHOOL","CT","HARTFORD SCHOOL DISTRICT","Primary","Regular school","No","255","No"
"2002","090192000368","KENNELLY SCHOOL","CT","HARTFORD SCHOOL DISTRICT","Primary","Regular school","No","867","No"
"2002","090192000370","KINSELLA SCHOOL","CT","HARTFORD SCHOOL DISTRICT","Primary","Regular school","No","487","No"
"2002","090192000997","LITTLE OWLS LEARNING CENTER","CT","HARTFORD SCHOOL DISTRICT","Primary","Regular school","No","7","No"
"2002","090192000364","M. D. FOX ELEMENTARY SCHOOL","CT","HARTFORD SCHOOL DISTRICT","Primary","Regular school","No","1010","No"
"2002","090192000369","M. L. KING SCHOOL","CT","HARTFORD SCHOOL DISTRICT","Primary","Regular school","No","755","No"
"2002","090192000371","MCDONOUGH SCHOOL","CT","HARTFORD SCHOOL DISTRICT","Primary","Regular school","No","543","No"
"2002","090192000381","MILNER SCHOOL","CT","HARTFORD SCHOOL DISTRICT","Primary","Regular school","No","556","No"
"2002","090192000636","MOYLAN SCHOOL","CT","HARTFORD SCHOOL DISTRICT","Primary","Regular school","No","565","No"
"2002","090192000372","NAYLOR SCHOOL","CT","HARTFORD SCHOOL DISTRICT","Primary","Regular school","No","639","No"
"2002","090192000373","PARKVILLE COMMUNITY","CT","HARTFORD SCHOOL DISTRICT","Primary","Regular school","No","573","No"
"2002","090192000375","QUIRK MIDDLE SCHOOL","CT","HARTFORD SCHOOL DISTRICT","Middle","Regular school","No","1081","No"
"2002","090192000376","RAWSON SCHOOL","CT","HARTFORD SCHOOL DISTRICT","Primary","Regular school","No","293","No"
"2002","090192000026","SANCHEZ SCHOOL","CT","HARTFORD SCHOOL DISTRICT","Primary","Regular school","No","507","No"
"2002","090192000377","SAND SCHOOL","CT","HARTFORD SCHOOL DISTRICT","Primary","Regular school","No","323","No"
"2002","090192000378","SIMPSON-WAVERLY SCHOOL","CT","HARTFORD SCHOOL DISTRICT","Primary","Regular school","No","332","No"
"2002","090192000006","SOUTH MIDDLE SCHOOL","CT","HARTFORD SCHOOL DISTRICT","Middle","Regular school","No","737","No"
"2002","090192001370","SPORT SCIENCES ACADEMY","CT","HARTFORD SCHOOL DISTRICT","High","Regular school","No","316","Yes"
"2002","090192000380","TWAIN SCHOOL","CT","HARTFORD SCHOOL DISTRICT","Primary","Regular school","No","328","No"
"2002","090192000382","WEAVER HIGH SCHOOL","CT","HARTFORD SCHOOL DISTRICT","High","Regular school","No","1294","No"
"2002","090192000383","WEBSTER SCHOOL","CT","HARTFORD SCHOOL DISTRICT","Primary","Regular school","No","521","No"
"2002","090192000384","WEST MIDDLE SCHOOL","CT","HARTFORD SCHOOL DISTRICT","Primary","Regular school","No","704","No"
"2002","090192000385","WISH SCHOOL","CT","HARTFORD SCHOOL DISTRICT","Primary","Regular school","No","386","No"
"2001","090192000354","BARNARD-BROWN SCHOOL","CT","HARTFORD SCHOOL DISTRICT","Primary","Regular school","No","403","No"
"2001","090192000355","BATCHELDER SCHOOL","CT","HARTFORD SCHOOL DISTRICT","Primary","Regular school","No","572","No"
"2001","090192000356","BULKELEY HIGH SCHOOL","CT","HARTFORD SCHOOL DISTRICT","High","Regular school","No","1834","No"
"2001","090192000357","BURNS SCHOOL","CT","HARTFORD SCHOOL DISTRICT","Primary","Regular school","No","696","No"
"2001","090192000358","BURR SCHOOL","CT","HARTFORD SCHOOL DISTRICT","Primary","Regular school","No","729","No"
"2001","090192000359","CLARK SCHOOL","CT","HARTFORD SCHOOL DISTRICT","Primary","Regular school","No","431","No"
"2001","090192001192","DR. RAMON E. BETANCES SCHOOL","CT","HARTFORD SCHOOL DISTRICT","Primary","Regular school","No","376","No"
"2001","090192000360","DWIGHT SCHOOL","CT","HARTFORD SCHOOL DISTRICT","Primary","Regular school","No","531","No"
"2001","090192000362","FISHER SCHOOL","CT","HARTFORD SCHOOL DISTRICT","Primary","Regular school","No","709","No"
"2001","090192000363","FOX MIDDLE SCHOOL","CT","HARTFORD SCHOOL DISTRICT","Middle","Regular school","No","787","No"
"2001","090192001295","HARTFORD MAGNET MIDDLE SCHOOL","CT","HARTFORD SCHOOL DISTRICT","Middle","Regular school","No","352","No"
"2001","090192000365","HARTFORD PUBLIC HIGH SCHOOL","CT","HARTFORD SCHOOL DISTRICT","High","Regular school","No","1465","No"
"2001","090192000366","HOOKER SCHOOL","CT","HARTFORD SCHOOL DISTRICT","Primary","Regular school","No","213","No"
"2001","090192000368","KENNELLY SCHOOL","CT","HARTFORD SCHOOL DISTRICT","Primary","Regular school","No","996","No"
"2001","090192000370","KINSELLA SCHOOL","CT","HARTFORD SCHOOL DISTRICT","Primary","Regular school","No","463","No"
"2001","090192000997","LITTLE OWLS LEARNING CENTER","CT","HARTFORD SCHOOL DISTRICT","Primary","Regular school","No","12","No"
"2001","090192000364","M. D. FOX ELEMENTARY SCHOOL","CT","HARTFORD SCHOOL DISTRICT","Primary","Regular school","No","1069","No"
"2001","090192000369","M. L. KING SCHOOL","CT","HARTFORD SCHOOL DISTRICT","Primary","Regular school","No","732","No"
"2001","090192000371","MCDONOUGH SCHOOL","CT","HARTFORD SCHOOL DISTRICT","Primary","Regular school","No","559","No"
"2001","090192000381","MILNER SCHOOL","CT","HARTFORD SCHOOL DISTRICT","Primary","Regular school","No","573","No"
"2001","090192000636","MOYLAN SCHOOL","CT","HARTFORD SCHOOL DISTRICT","Primary","Regular school","No","573","No"
"2001","090192000372","NAYLOR SCHOOL","CT","HARTFORD SCHOOL DISTRICT","Primary","Regular school","No","623","No"
"2001","090192000373","PARKVILLE COMMUNITY","CT","HARTFORD SCHOOL DISTRICT","Primary","Regular school","No","596","No"
"2001","090192000375","QUIRK MIDDLE SCHOOL","CT","HARTFORD SCHOOL DISTRICT","Middle","Regular school","No","1219","No"
"2001","090192000376","RAWSON SCHOOL","CT","HARTFORD SCHOOL DISTRICT","Primary","Regular school","No","329","No"
"2001","090192000026","SANCHEZ SCHOOL","CT","HARTFORD SCHOOL DISTRICT","Primary","Regular school","No","482","No"
"2001","090192000377","SAND EVERYWHERE SCHOOL","CT","HARTFORD SCHOOL DISTRICT","Primary","Regular school","No","393","No"
"2001","090192000378","SIMPSON-WAVERLY SCHOOL","CT","HARTFORD SCHOOL DISTRICT","Primary","Regular school","No","328","No"
"2001","090192000006","SOUTH MIDDLE SCHOOL","CT","HARTFORD SCHOOL DISTRICT","Middle","Regular school","No","694","No"
"2001","090192000380","TWAIN SCHOOL","CT","HARTFORD SCHOOL DISTRICT","Primary","Regular school","No","338","No"
"2001","090192000382","WEAVER HIGH SCHOOL","CT","HARTFORD SCHOOL DISTRICT","High","Regular school","No","1280","No"
"2001","090192000383","WEBSTER SCHOOL","CT","HARTFORD SCHOOL DISTRICT","Primary","Regular school","No","457","No"
"2001","090192000384","WEST MIDDLE SCHOOL","CT","HARTFORD SCHOOL DISTRICT","Primary","Regular school","No","795","No"
"2001","090192000385","WISH SCHOOL","CT","HARTFORD SCHOOL DISTRICT","Primary","Regular school","No","421","No"
"2000","090192000354","BARNARD-BROWN SCHOOL","CT","HARTFORD SCHOOL DISTRICT","Primary","Regular school","No","442","No"
"2000","090192000355","BATCHELDER SCHOOL","CT","HARTFORD SCHOOL DISTRICT","Primary","Regular school","No","557","No"
"2000","090192000356","BULKELEY HIGH SCHOOL","CT","HARTFORD SCHOOL DISTRICT","High","Regular school","No","1738","No"
"2000","090192000357","BURNS SCHOOL","CT","HARTFORD SCHOOL DISTRICT","Primary","Regular school","No","691","No"
"2000","090192000358","BURR SCHOOL","CT","HARTFORD SCHOOL DISTRICT","Primary","Regular school","No","692","No"
"2000","090192000359","CLARK SCHOOL","CT","HARTFORD SCHOOL DISTRICT","Primary","Regular school","No","492","No"
"2000","090192001192","DR. RAMON E. BETANCES SCHOOL","CT","HARTFORD SCHOOL DISTRICT","Primary","Regular school","No","389","No"
"2000","090192000360","DWIGHT SCHOOL","CT","HARTFORD SCHOOL DISTRICT","Primary","Regular school","No","570","No"
"2000","090192000362","FISHER SCHOOL","CT","HARTFORD SCHOOL DISTRICT","Primary","Regular school","No","695","No"
"2000","090192000363","FOX MIDDLE SCHOOL","CT","HARTFORD SCHOOL DISTRICT","High","Regular school","No","848","No"
"2000","090192001295","HARTFORD MAGNET MIDDLE SCHOOL","CT","HARTFORD SCHOOL DISTRICT","Middle","Regular school","No","183","No"
"2000","090192000365","HARTFORD PUBLIC HIGH SCHOOL","CT","HARTFORD SCHOOL DISTRICT","High","Regular school","No","1574","No"
"2000","090192000366","HOOKER SCHOOL","CT","HARTFORD SCHOOL DISTRICT","Primary","Regular school","No","248","No"
"2000","090192000368","KENNELLY SCHOOL","CT","HARTFORD SCHOOL DISTRICT","Primary","Regular school","No","944","No"
"2000","090192000370","KINSELLA SCHOOL","CT","HARTFORD SCHOOL DISTRICT","Primary","Regular school","No","506","No"
"2000","090192000997","LITTLE OWLS LEARNING CENTER","CT","HARTFORD SCHOOL DISTRICT","Primary","Regular school","No","16","No"
"2000","090192000364","M. D. FOX ELEMENTARY SCHOOL","CT","HARTFORD SCHOOL DISTRICT","Primary","Regular school","No","1010","No"
"2000","090192000369","M. L. KING SCHOOL","CT","HARTFORD SCHOOL DISTRICT","Primary","Regular school","No","759","No"
"2000","090192000371","MCDONOUGH SCHOOL","CT","HARTFORD SCHOOL DISTRICT","Primary","Regular school","No","391","No"
"2000","090192000381","MILNER SCHOOL","CT","HARTFORD SCHOOL DISTRICT","Primary","Regular school","No","562","No"
"2000","090192000636","MOYLAN SCHOOL","CT","HARTFORD SCHOOL DISTRICT","Primary","Regular school","No","631","No"
"2000","090192000372","NAYLOR SCHOOL","CT","HARTFORD SCHOOL DISTRICT","Primary","Regular school","No","628","No"
"2000","090192000373","PARKVILLE COMMUNITY","CT","HARTFORD SCHOOL DISTRICT","Primary","Regular school","No","704","No"
"2000","090192000375","QUIRK MIDDLE SCHOOL","CT","HARTFORD SCHOOL DISTRICT","Middle","Regular school","No","1268","No"
"2000","090192000376","RAWSON SCHOOL","CT","HARTFORD SCHOOL DISTRICT","Primary","Regular school","No","379","No"
"2000","090192000026","SANCHEZ SCHOOL","CT","HARTFORD SCHOOL DISTRICT","Primary","Regular school","No","493","No"
"2000","090192000377","SAND EVERYWHERE SCHOOL","CT","HARTFORD SCHOOL DISTRICT","Primary","Regular school","No","414","No"
"2000","090192000378","SIMPSON-WAVERLY SCHOOL","CT","HARTFORD SCHOOL DISTRICT","Primary","Regular school","No","371","No"
"2000","090192000006","SOUTH MIDDLE SCHOOL","CT","HARTFORD SCHOOL DISTRICT","Middle","Regular school","No","710","No"
"2000","090192000380","TWAIN SCHOOL","CT","HARTFORD SCHOOL DISTRICT","Primary","Regular school","No","410","No"
"2000","090192000382","WEAVER HIGH SCHOOL","CT","HARTFORD SCHOOL DISTRICT","High","Regular school","No","1283","No"
"2000","090192000383","WEBSTER SCHOOL","CT","HARTFORD SCHOOL DISTRICT","Primary","Regular school","No","511","No"
"2000","090192000384","WEST MIDDLE SCHOOL","CT","HARTFORD SCHOOL DISTRICT","Primary","Regular school","No","797","No"
"2000","090192000385","WISH SCHOOL","CT","HARTFORD SCHOOL DISTRICT","Primary","Regular school","No","408","No"
"1999","090192000354","BARNARD-BROWN SCHOOL","CT","HARTFORD SCHOOL DISTRICT","","Regular school","No","461","No"
"1999","090192000355","BATCHELDER SCHOOL","CT","HARTFORD SCHOOL DISTRICT","","Regular school","No","564","No"
"1999","090192000356","BULKELEY HIGH SCHOOL","CT","HARTFORD SCHOOL DISTRICT","","Regular school","No","1556","No"
"1999","090192000357","BURNS SCHOOL","CT","HARTFORD SCHOOL DISTRICT","","Regular school","No","668","No"
"1999","090192000358","BURR SCHOOL","CT","HARTFORD SCHOOL DISTRICT","","Regular school","No","745","No"
"1999","090192000359","CLARK SCHOOL","CT","HARTFORD SCHOOL DISTRICT","","Regular school","No","605","No"
"1999","090192001192","DR. RAMON E. BETANCES SCHOOL","CT","HARTFORD SCHOOL DISTRICT","","Regular school","No","412","No"
"1999","090192000360","DWIGHT SCHOOL","CT","HARTFORD SCHOOL DISTRICT","","Regular school","No","534","No"
"1999","090192000362","FISHER SCHOOL","CT","HARTFORD SCHOOL DISTRICT","","Regular school","No","723","No"
"1999","090192000363","FOX MIDDLE SCHOOL","CT","HARTFORD SCHOOL DISTRICT","","Regular school","No","836","No"
"1999","090192000365","HARTFORD PUBLIC HIGH SCHOOL","CT","HARTFORD SCHOOL DISTRICT","","Regular school","No","1566","No"
"1999","090192000366","HOOKER SCHOOL","CT","HARTFORD SCHOOL DISTRICT","","Regular school","No","251","No"
"1999","090192000368","KENNELLY SCHOOL","CT","HARTFORD SCHOOL DISTRICT","","Regular school","No","886","No"
"1999","090192000370","KINSELLA SCHOOL","CT","HARTFORD SCHOOL DISTRICT","","Regular school","No","511","No"
"1999","090192000997","LITTLE OWLS LEARNING CENTER","CT","HARTFORD SCHOOL DISTRICT","","Regular school","No","23","No"
"1999","090192000364","M. D. FOX ELEMENTARY SCHOOL","CT","HARTFORD SCHOOL DISTRICT","","Regular school","No","1018","No"
"1999","090192000369","M. L. KING SCHOOL","CT","HARTFORD SCHOOL DISTRICT","","Regular school","No","781","No"
"1999","090192000371","MCDONOUGH SCHOOL","CT","HARTFORD SCHOOL DISTRICT","","Regular school","No","371","No"
"1999","090192000381","MILNER SCHOOL","CT","HARTFORD SCHOOL DISTRICT","","Regular school","No","586","No"
"1999","090192000636","MOYLAN SCHOOL","CT","HARTFORD SCHOOL DISTRICT","","Regular school","No","617","No"
"1999","090192000372","NAYLOR SCHOOL","CT","HARTFORD SCHOOL DISTRICT","","Regular school","No","654","No"
"1999","090192000373","PARKVILLE COMMUNITY","CT","HARTFORD SCHOOL DISTRICT","","Regular school","No","700","No"
"1999","090192000375","QUIRK MIDDLE SCHOOL","CT","HARTFORD SCHOOL DISTRICT","","Regular school","No","1252","No"
"1999","090192000376","RAWSON SCHOOL","CT","HARTFORD SCHOOL DISTRICT","","Regular school","No","388","No"
"1999","090192000026","SANCHEZ SCHOOL","CT","HARTFORD SCHOOL DISTRICT","","Regular school","No","485","No"
"1999","090192000377","SAND EVERYWHERE SCHOOL","CT","HARTFORD SCHOOL DISTRICT","","Regular school","No","406","No"
"1999","090192000378","SIMPSON-WAVERLY SCHOOL","CT","HARTFORD SCHOOL DISTRICT","","Regular school","No","418","No"
"1999","090192000006","SOUTH MIDDLE SCHOOL","CT","HARTFORD SCHOOL DISTRICT","","Regular school","No","721","No"
"1999","090192000380","TWAIN SCHOOL","CT","HARTFORD SCHOOL DISTRICT","","Regular school","No","427","No"
"1999","090192000382","WEAVER HIGH SCHOOL","CT","HARTFORD SCHOOL DISTRICT","","Regular school","No","1312","No"
"1999","090192000383","WEBSTER SCHOOL","CT","HARTFORD SCHOOL DISTRICT","","Regular school","No","530","No"
"1999","090192000384","WEST MIDDLE SCHOOL","CT","HARTFORD SCHOOL DISTRICT","","Regular school","No","815","No"
"1999","090192000385","WISH SCHOOL","CT","HARTFORD SCHOOL DISTRICT","","Regular school","No","435","No"
"1998","090192000353","BARBOUR SCHOOL","CT","HARTFORD SCHOOL DISTRICT","","Regular school","No","211","No"
"1998","090192000354","BARNARD-BROWN SCHOOL","CT","HARTFORD SCHOOL DISTRICT","","Regular school","No","452","No"
"1998","090192000355","BATCHELDER SCHOOL","CT","HARTFORD SCHOOL DISTRICT","","Regular school","No","571","No"
"1998","090192000356","BULKELEY HIGH SCHOOL","CT","HARTFORD SCHOOL DISTRICT","","Regular school","No","1396","No"
"1998","090192000357","BURNS SCHOOL","CT","HARTFORD SCHOOL DISTRICT","","Regular school","No","666","No"
"1998","090192000358","BURR SCHOOL","CT","HARTFORD SCHOOL DISTRICT","","Regular school","No","657","No"
"1998","090192000359","CLARK SCHOOL","CT","HARTFORD SCHOOL DISTRICT","","Regular school","No","592","No"
"1998","090192001192","DR. RAMON E. BETANCES SCHOOL","CT","HARTFORD SCHOOL DISTRICT","","Regular school","No","434","No"
"1998","090192000360","DWIGHT SCHOOL","CT","HARTFORD SCHOOL DISTRICT","","Regular school","No","585","No"
"1998","090192000362","FISHER SCHOOL","CT","HARTFORD SCHOOL DISTRICT","","Regular school","No","730","No"
"1998","090192000363","FOX MIDDLE SCHOOL","CT","HARTFORD SCHOOL DISTRICT","","Regular school","No","899","No"
"1998","090192000365","HARTFORD PUBLIC HIGH SCHOOL","CT","HARTFORD SCHOOL DISTRICT","","Regular school","No","1579","No"
"1998","090192000366","HOOKER SCHOOL","CT","HARTFORD SCHOOL DISTRICT","","Regular school","No","279","No"
"1998","090192000368","KENNELLY SCHOOL","CT","HARTFORD SCHOOL DISTRICT","","Regular school","No","911","No"
"1998","090192000370","KINSELLA SCHOOL","CT","HARTFORD SCHOOL DISTRICT","","Regular school","No","537","No"
"1998","090192000364","M. D. FOX ELEMENTARY SCHOOL","CT","HARTFORD SCHOOL DISTRICT","","Regular school","No","1024","No"
"1998","090192000369","M. L. KING SCHOOL","CT","HARTFORD SCHOOL DISTRICT","","Regular school","No","663","No"
"1998","090192000371","MCDONOUGH SCHOOL","CT","HARTFORD SCHOOL DISTRICT","","Regular school","No","0","No"
"1998","090192000381","MILNER SCHOOL","CT","HARTFORD SCHOOL DISTRICT","","Regular school","No","552","No"
"1998","090192000210","MONTESSORI MAGNET SCHOOL","CT","HARTFORD SCHOOL DISTRICT","","Regular school","No","116","Yes"
"1998","090192000636","MOYLAN SCHOOL","CT","HARTFORD SCHOOL DISTRICT","","Regular school","No","768","No"
"1998","090192000372","NAYLOR SCHOOL","CT","HARTFORD SCHOOL DISTRICT","","Regular school","No","548","No"
"1998","090192000373","PARKVILLE COMMUNITY","CT","HARTFORD SCHOOL DISTRICT","","Regular school","No","776","No"
"1998","090192000375","QUIRK MIDDLE SCHOOL","CT","HARTFORD SCHOOL DISTRICT","","Regular school","No","1213","No"
"1998","090192000376","RAWSON SCHOOL","CT","HARTFORD SCHOOL DISTRICT","","Regular school","No","392","No"
"1998","090192000026","SANCHEZ SCHOOL","CT","HARTFORD SCHOOL DISTRICT","","Regular school","No","522","No"
"1998","090192000377","SAND EVERYWHERE SCHOOL","CT","HARTFORD SCHOOL DISTRICT","","Regular school","No","370","No"
"1998","090192000378","SIMPSON-WAVERLY SCHOOL","CT","HARTFORD SCHOOL DISTRICT","","Regular school","No","425","No"
"1998","090192000006","SOUTH MIDDLE SCHOOL","CT","HARTFORD SCHOOL DISTRICT","","Regular school","No","699","No"
"1998","090192000380","TWAIN SCHOOL","CT","HARTFORD SCHOOL DISTRICT","","Regular school","No","438","No"
"1998","090192000382","WEAVER HIGH SCHOOL","CT","HARTFORD SCHOOL DISTRICT","","Regular school","No","1255","No"
"1998","090192000383","WEBSTER SCHOOL","CT","HARTFORD SCHOOL DISTRICT","","Regular school","No","520","No"
"1998","090192000384","WEST MIDDLE SCHOOL","CT","HARTFORD SCHOOL DISTRICT","","Regular school","No","934","No"
"1998","090192000385","WISH SCHOOL","CT","HARTFORD SCHOOL DISTRICT","","Regular school","No","428","No"