ncessch,school_name,school_year,year_start,enrollment,is_interpolated,include
090192001193,Alternative Education Learning,1986-87,1986,607.0,False,False
090192001193,Alternative Education Learning,1987-88,1987,767.0,False,False
090192001193,Alternative Education Learning,1988-89,1988,672.0,False,False
090192001193,Alternative Education Learning,1989-90,1989,807.0,False,False
090192001193,Alternative Education Learning,1990-91,1990,592.0,False,False
090192001193,Alternative Education Learning,1991-92,1991,423.0,False,False
090192001193,Alternative Education Learning,1992-93,1992,443.0,False,False
090192001193,Alternative Education Learning,1993-94,1993,442.0,False,False
090192001193,Alternative Education Learning,1994-95,1994,119.0,False,False
090192001193,Alternative Education Learning,1995-96,1995,164.0,True,False
090192001193,Alternative Education Learning,1996-97,1996,16.0,False,False
090192001193,Alternative Education Learning,1997-98,1997,77.0,False,False
090192001193,Alternative Education Learning,1998-99,1998,,False,False
090192001193,Alternative Education Learning,1999-00,1999,,False,False
090192001193,Alternative Education Learning,2000-01,2000,,False,False
090192001193,Alternative Education Learning,2001-02,2001,,False,False
090192001193,Alternative Education Learning,2002-03,2002,,False,False
090192001193,Alternative Education Learning,2003-04,2003,,False,False
090192001193,Alternative Education Learning,2004-05,2004,,False,False
090192001193,Alternative Education Learning,2005-06,2005,,False,False
090192001193,Alternative Education Learning,2006-07,2006,,False,False
090192001193,Alternative Education Learning,2007-08,2007,,False,False
090192001193,Alternative Education Learning,2008-09,2008,,False,False
090192001193,Alternative Education Learning,2009-10,2009,,False,False
090192001193,Alternative Education Learning,2010-11,2010,,False,False
090192001193,Alternative Education Learning,2011-12,2011,,False,False
090192001193,Alternative Education Learning,2012-13,2012,,False,False
090192001193,Alternative Education Learning,2013-14,2013,,False,False
090192001193,Alternative Education Learning,2014-15,2014,,False,False
090192001193,Alternative Education Learning,2015-16,2015,,False,False
090192001193,Alternative Education Learning,2016-17,2016,,False,False
090192001193,Alternative Education Learning,2017-18,2017,,False,False
090192001193,Alternative Education Learning,2018-19,2018,,False,False
090192001193,Alternative Education Learning,2019-20,2019,,False,False
090192001193,Alternative Education Learning,2020-21,2020,,False,False
090192001193,Alternative Education Learning,2021-22,2021,,False,False
090192001193,Alternative Education Learning,2022-23,2022,,False,False
090192001193,Alternative Education Learning,2023-24,2023,,False,False
090192001193,Alternative Education Learning,2024-25,2024,,False,False
090192000353,Barbour School,1986-87,1986,287.0,False,False
090192000353,Barbour School,1987-88,1987,317.0,False,False
090192000353,Barbour School,1988-89,1988,287.0,False,False
090192000353,Barbour School,1989-90,1989,273.0,False,False
090192000353,Barbour School,1990-91,1990,265.0,False,False
090192000353,Barbour School,1991-92,1991,256.0,False,False
090192000353,Barbour School,1992-93,1992,256.0,False,False
090192000353,Barbour School,1993-94,1993,242.0,False,False
090192000353,Barbour School,1994-95,1994,237.0,False,False
090192000353,Barbour School,1995-96,1995,221.0,False,False
090192000353,Barbour School,1996-97,1996,225.0,False,False
090192000353,Barbour School,1997-98,1997,205.0,False,False
090192000353,Barbour School,1998-99,1998,211.0,False,False
090192000353,Barbour School,1999-00,1999,,False,False
090192000353,Barbour School,2000-01,2000,,False,False
090192000353,Barbour School,2001-02,2001,,False,False
090192000353,Barbour School,2002-03,2002,,False,False
090192000353,Barbour School,2003-04,2003,,False,False
090192000353,Barbour School,2004-05,2004,,False,False
090192000353,Barbour School,2005-06,2005,,False,False
090192000353,Barbour School,2006-07,2006,,False,False
090192000353,Barbour School,2007-08,2007,,False,False
090192000353,Barbour School,2008-09,2008,,False,False
090192000353,Barbour School,2009-10,2009,,False,False
090192000353,Barbour School,2010-11,2010,,False,False
090192000353,Barbour School,2011-12,2011,,False,False
090192000353,Barbour School,2012-13,2012,,False,False
090192000353,Barbour School,2013-14,2013,,False,False
090192000353,Barbour School,2014-15,2014,,False,False
090192000353,Barbour School,2015-16,2015,,False,False
090192000353,Barbour School,2016-17,2016,,False,False
090192000353,Barbour School,2017-18,2017,,False,False
090192000353,Barbour School,2018-19,2018,,False,False
090192000353,Barbour School,2019-20,2019,,False,False
090192000353,Barbour School,2020-21,2020,,False,False
090192000353,Barbour School,2021-22,2021,,False,False
090192000353,Barbour School,2022-23,2022,,False,False
090192000353,Barbour School,2023-24,2023,,False,False
090192000353,Barbour School,2024-25,2024,,False,False
090192000354,Barnard-Brown School,1986-87,1986,680.0,False,False
090192000354,Barnard-Brown School,1987-88,1987,693.0,False,False
090192000354,Barnard-Brown School,1988-89,1988,632.0,False,False
090192000354,Barnard-Brown School,1989-90,1989,596.0,False,False
090192000354,Barnard-Brown School,1990-91,1990,593.0,False,False
090192000354,Barnard-Brown School,1991-92,1991,610.0,False,False
090192000354,Barnard-Brown School,1992-93,1992,607.0,False,False
090192000354,Barnard-Brown School,1993-94,1993,591.0,False,False
090192000354,Barnard-Brown School,1994-95,1994,564.0,False,False
090192000354,Barnard-Brown School,1995-96,1995,604.0,False,False
090192000354,Barnard-Brown School,1996-97,1996,527.0,False,False
090192000354,Barnard-Brown School,1997-98,1997,513.0,False,False
090192000354,Barnard-Brown School,1998-99,1998,452.0,False,False
090192000354,Barnard-Brown School,1999-00,1999,461.0,False,False
090192000354,Barnard-Brown School,2000-01,2000,442.0,False,False
090192000354,Barnard-Brown School,2001-02,2001,403.0,False,False
090192000354,Barnard-Brown School,2002-03,2002,481.0,False,False
090192000354,Barnard-Brown School,2003-04,2003,480.0,False,False
090192000354,Barnard-Brown School,2004-05,2004,457.0,False,False
090192000354,Barnard-Brown School,2005-06,2005,504.0,False,False
090192000354,Barnard-Brown School,2006-07,2006,387.0,False,False
090192000354,Barnard-Brown School,2007-08,2007,333.0,False,False
090192000354,Barnard-Brown School,2008-09,2008,,False,False
090192000354,Barnard-Brown School,2009-10,2009,,False,False
090192000354,Barnard-Brown School,2010-11,2010,,False,False
090192000354,Barnard-Brown School,2011-12,2011,,False,False
090192000354,Barnard-Brown School,2012-13,2012,,False,False
090192000354,Barnard-Brown School,2013-14,2013,,False,False
090192000354,Barnard-Brown School,2014-15,2014,,False,False
090192000354,Barnard-Brown School,2015-16,2015,,False,False
090192000354,Barnard-Brown School,2016-17,2016,,False,False
090192000354,Barnard-Brown School,2017-18,2017,,False,False
090192000354,Barnard-Brown School,2018-19,2018,,False,False
090192000354,Barnard-Brown School,2019-20,2019,,False,False
090192000354,Barnard-Brown School,2020-21,2020,,False,False
090192000354,Barnard-Brown School,2021-22,2021,,False,False
090192000354,Barnard-Brown School,2022-23,2022,,False,False
090192000354,Barnard-Brown School,2023-24,2023,,False,False
090192000354,Barnard-Brown School,2024-25,2024,,False,False
090192000355,Batchelder School,1986-87,1986,493.0,False,True
090192000355,Batchelder School,1987-88,1987,550.0,False,True
090192000355,Batchelder School,1988-89,1988,530.0,False,True
090192000355,Batchelder School,1989-90,1989,544.0,False,True
090192000355,Batchelder School,1990-91,1990,573.0,False,True
090192000355,Batchelder School,1991-92,1991,546.0,False,True
090192000355,Batchelder School,1992-93,1992,533.0,False,True
090192000355,Batchelder School,1993-94,1993,494.0,False,True
090192000355,Batchelder School,1994-95,1994,515.0,False,True
090192000355,Batchelder School,1995-96,1995,511.0,False,True
090192000355,Batchelder School,1996-97,1996,523.0,False,True
090192000355,Batchelder School,1997-98,1997,570.0,False,True
090192000355,Batchelder School,1998-99,1998,571.0,False,True
090192000355,Batchelder School,1999-00,1999,564.0,False,True
090192000355,Batchelder School,2000-01,2000,557.0,False,True
090192000355,Batchelder School,2001-02,2001,572.0,False,True
090192000355,Batchelder School,2002-03,2002,581.0,False,True
090192000355,Batchelder School,2003-04,2003,549.0,False,True
090192000355,Batchelder School,2004-05,2004,554.0,False,True
090192000355,Batchelder School,2005-06,2005,586.0,False,True
090192000355,Batchelder School,2006-07,2006,510.0,False,True
090192000355,Batchelder School,2007-08,2007,578.0,False,True
090192000355,Batchelder School,2008-09,2008,546.0,False,True
090192000355,Batchelder School,2009-10,2009,568.0,False,True
090192000355,Batchelder School,2010-11,2010,589.0,False,True
090192000355,Batchelder School,2011-12,2011,565.0,False,True
090192000355,Batchelder School,2012-13,2012,521.0,False,True
090192000355,Batchelder School,2013-14,2013,528.0,False,True
090192000355,Batchelder School,2014-15,2014,466.0,False,True
090192000355,Batchelder School,2015-16,2015,478.0,False,True
090192000355,Batchelder School,2016-17,2016,433.0,False,True
090192000355,Batchelder School,2017-18,2017,397.0,False,True
090192000355,Batchelder School,2018-19,2018,,False,True
090192000355,Batchelder School,2019-20,2019,,False,True
090192000355,Batchelder School,2020-21,2020,,False,True
090192000355,Batchelder School,2021-22,2021,,False,True
090192000355,Batchelder School,2022-23,2022,,False,True
090192000355,Batchelder School,2023-24,2023,,False,True
090192000355,Batchelder School,2024-25,2024,,False,True
090192001192,Betances Learning Lab Magnet School,1986-87,1986,498.0,False,True
090192001192,Betances Learning Lab Magnet School,1987-88,1987,551.0,False,True
090192001192,Betances Learning Lab Magnet School,1988-89,1988,535.0,False,True
090192001192,Betances Learning Lab Magnet School,1989-90,1989,567.0,False,True
090192001192,Betances Learning Lab Magnet School,1990-91,1990,583.0,False,True
090192001192,Betances Learning Lab Magnet School,1991-92,1991,581.0,False,True
090192001192,Betances Learning Lab Magnet School,1992-93,1992,507.0,False,True
090192001192,Betances Learning Lab Magnet School,1993-94,1993,527.0,False,True
090192001192,Betances Learning Lab Magnet School,1994-95,1994,454.0,False,True
090192001192,Betances Learning Lab Magnet School,1995-96,1995,423.0,False,True
090192001192,Betances Learning Lab Magnet School,1996-97,1996,426.0,False,True
090192001192,Betances Learning Lab Magnet School,1997-98,1997,473.0,False,True
090192001192,Betances Learning Lab Magnet School,1998-99,1998,434.0,False,True
090192001192,Betances Learning Lab Magnet School,1999-00,1999,412.0,False,True
090192001192,Betances Learning Lab Magnet School,2000-01,2000,389.0,False,True
090192001192,Betances Learning Lab Magnet School,2001-02,2001,376.0,False,True
090192001192,Betances Learning Lab Magnet School,2002-03,2002,409.0,False,True
090192001192,Betances Learning Lab Magnet School,2003-04,2003,431.0,False,True
090192001192,Betances Learning Lab Magnet School,2004-05,2004,441.0,False,True
090192001192,Betances Learning Lab Magnet School,2005-06,2005,438.0,False,True
090192001192,Betances Learning Lab Magnet School,2006-07,2006,395.0,False,True
090192001192,Betances Learning Lab Magnet School,2007-08,2007,403.0,False,True
090192001192,Betances Learning Lab Magnet School,2008-09,2008,439.0,False,True
090192001192,Betances Learning Lab Magnet School,2009-10,2009,345.0,False,True
090192001192,Betances Learning Lab Magnet School,2010-11,2010,311.0,False,True
090192001192,Betances Learning Lab Magnet School,2011-12,2011,315.0,False,True
090192001192,Betances Learning Lab Magnet School,2012-13,2012,323.0,False,True
090192001192,Betances Learning Lab Magnet School,2013-14,2013,278.0,False,True
090192001192,Betances Learning Lab Magnet School,2014-15,2014,288.0,False,True
090192001192,Betances Learning Lab Magnet School,2015-16,2015,279.0,False,True
090192001192,Betances Learning Lab Magnet School,2016-17,2016,300.0,False,True
090192001192,Betances Learning Lab Magnet School,2017-18,2017,384.0,False,True
090192001192,Betances Learning Lab Magnet School,2018-19,2018,391.0,False,True
090192001192,Betances Learning Lab Magnet School,2019-20,2019,411.0,False,True
090192001192,Betances Learning Lab Magnet School,2020-21,2020,438.0,False,True
090192001192,Betances Learning Lab Magnet School,2021-22,2021,394.0,False,True
090192001192,Betances Learning Lab Magnet School,2022-23,2022,394.0,False,True
090192001192,Betances Learning Lab Magnet School,2023-24,2023,411.0,False,True
090192001192,Betances Learning Lab Magnet School,2024-25,2024,398.0,False,True
090192001616,Betances Stem Magnet School,1986-87,1986,,False,False
090192001616,Betances Stem Magnet School,1987-88,1987,,False,False
090192001616,Betances Stem Magnet School,1988-89,1988,,False,False
090192001616,Betances Stem Magnet School,1989-90,1989,,False,False
090192001616,Betances Stem Magnet School,1990-91,1990,,False,False
090192001616,Betances Stem Magnet School,1991-92,1991,,False,False
090192001616,Betances Stem Magnet School,1992-93,1992,,False,False
090192001616,Betances Stem Magnet School,1993-94,1993,,False,False
090192001616,Betances Stem Magnet School,1994-95,1994,,False,False
090192001616,Betances Stem Magnet School,1995-96,1995,,False,False
090192001616,Betances Stem Magnet School,1996-97,1996,,False,False
090192001616,Betances Stem Magnet School,1997-98,1997,,False,False
090192001616,Betances Stem Magnet School,1998-99,1998,,False,False
090192001616,Betances Stem Magnet School,1999-00,1999,,False,False
090192001616,Betances Stem Magnet School,2000-01,2000,,False,False
090192001616,Betances Stem Magnet School,2001-02,2001,,False,False
090192001616,Betances Stem Magnet School,2002-03,2002,,False,False
090192001616,Betances Stem Magnet School,2003-04,2003,,False,False
090192001616,Betances Stem Magnet School,2004-05,2004,,False,False
090192001616,Betances Stem Magnet School,2005-06,2005,,False,False
090192001616,Betances Stem Magnet School,2006-07,2006,,False,False
090192001616,Betances Stem Magnet School,2007-08,2007,,False,False
090192001616,Betances Stem Magnet School,2008-09,2008,,False,False
090192001616,Betances Stem Magnet School,2009-10,2009,,False,False
090192001616,Betances Stem Magnet School,2010-11,2010,,False,False
090192001616,Betances Stem Magnet School,2011-12,2011,,False,False
090192001616,Betances Stem Magnet School,2012-13,2012,87.0,False,False
090192001616,Betances Stem Magnet School,2013-14,2013,173.0,False,False
090192001616,Betances Stem Magnet School,2014-15,2014,253.0,False,False
090192001616,Betances Stem Magnet School,2015-16,2015,309.0,False,False
090192001616,Betances Stem Magnet School,2016-17,2016,375.0,False,False
090192001616,Betances Stem Magnet School,2017-18,2017,288.0,False,False
090192001616,Betances Stem Magnet School,2018-19,2018,307.0,False,False
090192001616,Betances Stem Magnet School,2019-20,2019,253.0,False,False
090192001616,Betances Stem Magnet School,2020-21,2020,229.0,False,False
090192001616,Betances Stem Magnet School,2021-22,2021,227.0,False,False
090192001616,Betances Stem Magnet School,2022-23,2022,210.0,False,False
090192001616,Betances Stem Magnet School,2023-24,2023,212.0,False,False
090192001616,Betances Stem Magnet School,2024-25,2024,206.0,False,False
090192001534,Breakthrough Magnet School North,1986-87,1986,,False,False
090192001534,Breakthrough Magnet School North,1987-88,1987,,False,False
090192001534,Breakthrough Magnet School North,1988-89,1988,,False,False
090192001534,Breakthrough Magnet School North,1989-90,1989,,False,False
090192001534,Breakthrough Magnet School North,1990-91,1990,,False,False
090192001534,Breakthrough Magnet School North,1991-92,1991,,False,False
090192001534,Breakthrough Magnet School North,1992-93,1992,,False,False
090192001534,Breakthrough Magnet School North,1993-94,1993,,False,False
090192001534,Breakthrough Magnet School North,1994-95,1994,,False,False
090192001534,Breakthrough Magnet School North,1995-96,1995,,False,False
090192001534,Breakthrough Magnet School North,1996-97,1996,,False,False
090192001534,Breakthrough Magnet School North,1997-98,1997,,False,False
090192001534,Breakthrough Magnet School North,1998-99,1998,,False,False
090192001534,Breakthrough Magnet School North,1999-00,1999,,False,False
090192001534,Breakthrough Magnet School North,2000-01,2000,,False,False
090192001534,Breakthrough Magnet School North,2001-02,2001,,False,False
090192001534,Breakthrough Magnet School North,2002-03,2002,,False,False
090192001534,Breakthrough Magnet School North,2003-04,2003,,False,False
090192001534,Breakthrough Magnet School North,2004-05,2004,,False,False
090192001534,Breakthrough Magnet School North,2005-06,2005,,False,False
090192001534,Breakthrough Magnet School North,2006-07,2006,,False,False
090192001534,Breakthrough Magnet School North,2007-08,2007,,False,False
090192001534,Breakthrough Magnet School North,2008-09,2008,102.0,False,False
090192001534,Breakthrough Magnet School North,2009-10,2009,129.0,False,False
090192001534,Breakthrough Magnet School North,2010-11,2010,143.0,False,False
090192001534,Breakthrough Magnet School North,2011-12,2011,171.0,False,False
090192001534,Breakthrough Magnet School North,2012-13,2012,222.0,False,False
090192001534,Breakthrough Magnet School North,2013-14,2013,252.0,False,False
090192001534,Breakthrough Magnet School North,2014-15,2014,294.0,False,False
090192001534,Breakthrough Magnet School North,2015-16,2015,280.0,False,False
090192001534,Breakthrough Magnet School North,2016-17,2016,266.0,False,False
090192001534,Breakthrough Magnet School North,2017-18,2017,290.0,False,False
090192001534,Breakthrough Magnet School North,2018-19,2018,296.0,False,False
090192001534,Breakthrough Magnet School North,2019-20,2019,325.0,False,False
090192001534,Breakthrough Magnet School North,2020-21,2020,344.0,False,False
090192001534,Breakthrough Magnet School North,2021-22,2021,336.0,False,False
090192001534,Breakthrough Magnet School North,2022-23,2022,327.0,False,False
090192001534,Breakthrough Magnet School North,2023-24,2023,318.0,False,False
090192001534,Breakthrough Magnet School North,2024-25,2024,289.0,False,False
090192001369,Breakthrough Magnet School South,1986-87,1986,,False,False
090192001369,Breakthrough Magnet School South,1987-88,1987,,False,False
090192001369,Breakthrough Magnet School South,1988-89,1988,,False,False
090192001369,Breakthrough Magnet School South,1989-90,1989,,False,False
090192001369,Breakthrough Magnet School South,1990-91,1990,,False,False
090192001369,Breakthrough Magnet School South,1991-92,1991,,False,False
090192001369,Breakthrough Magnet School South,1992-93,1992,,False,False
090192001369,Breakthrough Magnet School South,1993-94,1993,,False,False
090192001369,Breakthrough Magnet School South,1994-95,1994,,False,False
090192001369,Breakthrough Magnet School South,1995-96,1995,,False,False
090192001369,Breakthrough Magnet School South,1996-97,1996,,False,False
090192001369,Breakthrough Magnet School South,1997-98,1997,,False,False
090192001369,Breakthrough Magnet School South,1998-99,1998,,False,False
090192001369,Breakthrough Magnet School South,1999-00,1999,,False,False
090192001369,Breakthrough Magnet School South,2000-01,2000,,False,False
090192001369,Breakthrough Magnet School South,2001-02,2001,,False,False
090192001369,Breakthrough Magnet School South,2002-03,2002,192.0,False,False
090192001369,Breakthrough Magnet School South,2003-04,2003,205.0,False,False
090192001369,Breakthrough Magnet School South,2004-05,2004,208.0,False,False
090192001369,Breakthrough Magnet School South,2005-06,2005,226.0,False,False
090192001369,Breakthrough Magnet School South,2006-07,2006,306.0,False,False
090192001369,Breakthrough Magnet School South,2007-08,2007,320.0,False,False
090192001369,Breakthrough Magnet School South,2008-09,2008,342.0,False,False
090192001369,Breakthrough Magnet School South,2009-10,2009,352.0,False,False
090192001369,Breakthrough Magnet School South,2010-11,2010,352.0,False,False
090192001369,Breakthrough Magnet School South,2011-12,2011,355.0,False,False
090192001369,Breakthrough Magnet School South,2012-13,2012,355.0,False,False
090192001369,Breakthrough Magnet School South,2013-14,2013,361.0,False,False
090192001369,Breakthrough Magnet School South,2014-15,2014,357.0,False,False
090192001369,Breakthrough Magnet School South,2015-16,2015,355.0,False,False
090192001369,Breakthrough Magnet School South,2016-17,2016,360.0,False,False
090192001369,Breakthrough Magnet School South,2017-18,2017,358.0,False,False
090192001369,Breakthrough Magnet School South,2018-19,2018,350.0,False,False
090192001369,Breakthrough Magnet School South,2019-20,2019,327.0,False,False
090192001369,Breakthrough Magnet School South,2020-21,2020,341.0,False,False
090192001369,Breakthrough Magnet School South,2021-22,2021,339.0,False,False
090192001369,Breakthrough Magnet School South,2022-23,2022,343.0,False,False
090192001369,Breakthrough Magnet School South,2023-24,2023,322.0,False,False
090192001369,Breakthrough Magnet School South,2024-25,2024,326.0,False,False
090192001572,Bulkeley High School,1986-87,1986,,False,False
090192001572,Bulkeley High School,1987-88,1987,,False,False
090192001572,Bulkeley High School,1988-89,1988,,False,False
090192001572,Bulkeley High School,1989-90,1989,,False,False
090192001572,Bulkeley High School,1990-91,1990,,False,False
090192001572,Bulkeley High School,1991-92,1991,,False,False
090192001572,Bulkeley High School,1992-93,1992,,False,False
090192001572,Bulkeley High School,1993-94,1993,,False,False
090192001572,Bulkeley High School,1994-95,1994,,False,False
090192001572,Bulkeley High School,1995-96,1995,,False,False
090192001572,Bulkeley High School,1996-97,1996,,False,False
090192001572,Bulkeley High School,1997-98,1997,,False,False
090192001572,Bulkeley High School,1998-99,1998,,False,False
090192001572,Bulkeley High School,1999-00,1999,,False,False
090192001572,Bulkeley High School,2000-01,2000,,False,False
090192001572,Bulkeley High School,2001-02,2001,,False,False
090192001572,Bulkeley High School,2002-03,2002,,False,False
090192001572,Bulkeley High School,2003-04,2003,,False,False
090192001572,Bulkeley High School,2004-05,2004,,False,False
090192001572,Bulkeley High School,2005-06,2005,,False,False
090192001572,Bulkeley High School,2006-07,2006,,False,False
090192001572,Bulkeley High School,2007-08,2007,,False,False
090192001572,Bulkeley High School,2008-09,2008,,False,False
090192001572,Bulkeley High School,2009-10,2009,571.0,False,False
090192001572,Bulkeley High School,2010-11,2010,500.0,False,False
090192001572,Bulkeley High School,2011-12,2011,399.0,False,False
090192001572,Bulkeley High School,2012-13,2012,408.0,False,False
090192001572,Bulkeley High School,2013-14,2013,378.0,False,False
090192001572,Bulkeley High School,2014-15,2014,373.0,False,False
090192001572,Bulkeley High School,2015-16,2015,379.0,False,False
090192001572,Bulkeley High School,2016-17,2016,688.0,False,False
090192001572,Bulkeley High School,2017-18,2017,631.0,False,False
090192001572,Bulkeley High School,2018-19,2018,680.0,False,False
090192001572,Bulkeley High School,2019-20,2019,562.0,False,False
090192001572,Bulkeley High School,2020-21,2020,592.0,False,False
090192001572,Bulkeley High School,2021-22,2021,616.0,False,False
090192001572,Bulkeley High School,2022-23,2022,548.0,False,False
090192001572,Bulkeley High School,2023-24,2023,592.0,False,False
090192001572,Bulkeley High School,2024-25,2024,552.0,False,False
090192000356,Bulkeley High School Lower School,1986-87,1986,1649.0,False,True
090192000356,Bulkeley High School Lower School,1987-88,1987,1534.0,False,True
090192000356,Bulkeley High School Lower School,1988-89,1988,1555.0,False,True
090192000356,Bulkeley High School Lower School,1989-90,1989,1505.0,False,True
090192000356,Bulkeley High School Lower School,1990-91,1990,1624.0,False,True
090192000356,Bulkeley High School Lower School,1991-92,1991,1728.0,False,True
090192000356,Bulkeley High School Lower School,1992-93,1992,1759.0,False,True
090192000356,Bulkeley High School Lower School,1993-94,1993,1861.0,False,True
090192000356,Bulkeley High School Lower School,1994-95,1994,1744.0,False,True
090192000356,Bulkeley High School Lower School,1995-96,1995,1596.0,False,True
090192000356,Bulkeley High School Lower School,1996-97,1996,1490.0,False,True
090192000356,Bulkeley High School Lower School,1997-98,1997,1517.0,False,True
090192000356,Bulkeley High School Lower School,1998-99,1998,1396.0,False,True
090192000356,Bulkeley High School Lower School,1999-00,1999,1556.0,False,True
090192000356,Bulkeley High School Lower School,2000-01,2000,1738.0,False,True
090192000356,Bulkeley High School Lower School,2001-02,2001,1834.0,False,True
090192000356,Bulkeley High School Lower School,2002-03,2002,1751.0,False,True
090192000356,Bulkeley High School Lower School,2003-04,2003,1673.0,False,True
090192000356,Bulkeley High School Lower School,2004-05,2004,1633.0,False,True
090192000356,Bulkeley High School Lower School,2005-06,2005,1230.0,False,True
090192000356,Bulkeley High School Lower School,2006-07,2006,1445.0,False,True
090192000356,Bulkeley High School Lower School,2007-08,2007,1484.0,False,True
090192000356,Bulkeley High School Lower School,2008-09,2008,1387.0,False,True
090192000356,Bulkeley High School Lower School,2009-10,2009,767.0,False,True
090192000356,Bulkeley High School Lower School,2010-11,2010,675.0,False,True
090192000356,Bulkeley High School Lower School,2011-12,2011,634.0,False,True
090192000356,Bulkeley High School Lower School,2012-13,2012,586.0,False,True
090192000356,Bulkeley High School Lower School,2013-14,2013,493.0,False,True
090192000356,Bulkeley High School Lower School,2014-15,2014,489.0,False,True
090192000356,Bulkeley High School Lower School,2015-16,2015,412.0,False,True
090192000356,Bulkeley High School Lower School,2016-17,2016,,False,True
090192000356,Bulkeley High School Lower School,2017-18,2017,,False,True
090192000356,Bulkeley High School Lower School,2018-19,2018,,False,True
090192000356,Bulkeley High School Lower School,2019-20,2019,,False,True
090192000356,Bulkeley High School Lower School,2020-21,2020,,False,True
090192000356,Bulkeley High School Lower School,2021-22,2021,,False,True
090192000356,Bulkeley High School Lower School,2022-23,2022,,False,True
090192000356,Bulkeley High School Lower School,2023-24,2023,,False,True
090192000356,Bulkeley High School Lower School,2024-25,2024,,False,True
090192000357,Burns Latino Studies Academy,1986-87,1986,929.0,False,True
090192000357,Burns Latino Studies Academy,1987-88,1987,997.0,False,True
090192000357,Burns Latino Studies Academy,1988-89,1988,1006.0,False,True
090192000357,Burns Latino Studies Academy,1989-90,1989,990.0,False,True
090192000357,Burns Latino Studies Academy,1990-91,1990,1089.0,False,True
090192000357,Burns Latino Studies Academy,1991-92,1991,1072.0,False,True
090192000357,Burns Latino Studies Academy,1992-93,1992,765.0,False,True
090192000357,Burns Latino Studies Academy,1993-94,1993,669.0,False,True
090192000357,Burns Latino Studies Academy,1994-95,1994,679.0,False,True
090192000357,Burns Latino Studies Academy,1995-96,1995,737.0,False,True
090192000357,Burns Latino Studies Academy,1996-97,1996,706.0,False,True
090192000357,Burns Latino Studies Academy,1997-98,1997,745.0,False,True
090192000357,Burns Latino Studies Academy,1998-99,1998,666.0,False,True
090192000357,Burns Latino Studies Academy,1999-00,1999,668.0,False,True
090192000357,Burns Latino Studies Academy,2000-01,2000,691.0,False,True
090192000357,Burns Latino Studies Academy,2001-02,2001,696.0,False,True
090192000357,Burns Latino Studies Academy,2002-03,2002,662.0,False,True
090192000357,Burns Latino Studies Academy,2003-04,2003,629.0,False,True
090192000357,Burns Latino Studies Academy,2004-05,2004,618.0,False,True
090192000357,Burns Latino Studies Academy,2005-06,2005,701.0,False,True
090192000357,Burns Latino Studies Academy,2006-07,2006,511.0,False,True
090192000357,Burns Latino Studies Academy,2007-08,2007,533.0,False,True
090192000357,Burns Latino Studies Academy,2008-09,2008,534.0,False,True
090192000357,Burns Latino Studies Academy,2009-10,2009,584.0,False,True
090192000357,Burns Latino Studies Academy,2010-11,2010,666.0,False,True
090192000357,Burns Latino Studies Academy,2011-12,2011,598.0,False,True
090192000357,Burns Latino Studies Academy,2012-13,2012,598.0,False,True
090192000357,Burns Latino Studies Academy,2013-14,2013,541.0,False,True
090192000357,Burns Latino Studies Academy,2014-15,2014,581.0,False,True
090192000357,Burns Latino Studies Academy,2015-16,2015,520.0,False,True
090192000357,Burns Latino Studies Academy,2016-17,2016,496.0,False,True
090192000357,Burns Latino Studies Academy,2017-18,2017,439.0,False,True
090192000357,Burns Latino Studies Academy,2018-19,2018,467.0,False,True
090192000357,Burns Latino Studies Academy,2019-20,2019,272.0,False,True
090192000357,Burns Latino Studies Academy,2020-21,2020,241.0,False,True
090192000357,Burns Latino Studies Academy,2021-22,2021,232.0,False,True
090192000357,Burns Latino Studies Academy,2022-23,2022,224.0,False,True
090192000357,Burns Latino Studies Academy,2023-24,2023,228.0,False,True
090192000357,Burns Latino Studies Academy,2024-25,2024,251.0,False,True
090192000358,Burr Middle School,1986-87,1986,565.0,False,True
090192000358,Burr Middle School,1987-88,1987,577.0,False,True
090192000358,Burr Middle School,1988-89,1988,564.0,False,True
090192000358,Burr Middle School,1989-90,1989,591.0,False,True
090192000358,Burr Middle School,1990-91,1990,586.0,False,True
090192000358,Burr Middle School,1991-92,1991,652.0,False,True
090192000358,Burr Middle School,1992-93,1992,700.0,False,True
090192000358,Burr Middle School,1993-94,1993,701.0,False,True
090192000358,Burr Middle School,1994-95,1994,622.0,False,True
090192000358,Burr Middle School,1995-96,1995,630.0,False,True
090192000358,Burr Middle School,1996-97,1996,611.0,False,True
090192000358,Burr Middle School,1997-98,1997,639.0,False,True
090192000358,Burr Middle School,1998-99,1998,657.0,False,True
090192000358,Burr Middle School,1999-00,1999,745.0,False,True
090192000358,Burr Middle School,2000-01,2000,692.0,False,True
090192000358,Burr Middle School,2001-02,2001,729.0,False,True
090192000358,Burr Middle School,2002-03,2002,549.0,False,True
090192000358,Burr Middle School,2003-04,2003,511.0,False,True
090192000358,Burr Middle School,2004-05,2004,460.0,False,True
090192000358,Burr Middle School,2005-06,2005,475.0,False,True
090192000358,Burr Middle School,2006-07,2006,513.0,False,True
090192000358,Burr Middle School,2007-08,2007,537.0,False,True
090192000358,Burr Middle School,2008-09,2008,520.0,False,True
090192000358,Burr Middle School,2009-10,2009,625.0,False,True
090192000358,Burr Middle School,2010-11,2010,707.0,False,True
090192000358,Burr Middle School,2011-12,2011,810.0,False,True
090192000358,Burr Middle School,2012-13,2012,729.0,False,True
090192000358,Burr Middle School,2013-14,2013,708.0,False,True
090192000358,Burr Middle School,2014-15,2014,685.0,False,True
090192000358,Burr Middle School,2015-16,2015,590.0,False,True
090192000358,Burr Middle School,2016-17,2016,616.0,False,True
090192000358,Burr Middle School,2017-18,2017,542.0,False,True
090192000358,Burr Middle School,2018-19,2018,546.0,False,True
090192000358,Burr Middle School,2019-20,2019,579.0,False,True
090192000358,Burr Middle School,2020-21,2020,324.0,False,True
090192000358,Burr Middle School,2021-22,2021,308.0,False,True
090192000358,Burr Middle School,2022-23,2022,277.0,False,True
090192000358,Burr Middle School,2023-24,2023,307.0,False,True
090192000358,Burr Middle School,2024-25,2024,259.0,False,True
090192001650,Capital Community College Magnet Academy,1986-87,1986,,False,False
090192001650,Capital Community College Magnet Academy,1987-88,1987,,False,False
090192001650,Capital Community College Magnet Academy,1988-89,1988,,False,False
090192001650,Capital Community College Magnet Academy,1989-90,1989,,False,False
090192001650,Capital Community College Magnet Academy,1990-91,1990,,False,False
090192001650,Capital Community College Magnet Academy,1991-92,1991,,False,False
090192001650,Capital Community College Magnet Academy,1992-93,1992,,False,False
090192001650,Capital Community College Magnet Academy,1993-94,1993,,False,False
090192001650,Capital Community College Magnet Academy,1994-95,1994,,False,False
090192001650,Capital Community College Magnet Academy,1995-96,1995,,False,False
090192001650,Capital Community College Magnet Academy,1996-97,1996,,False,False
090192001650,Capital Community College Magnet Academy,1997-98,1997,,False,False
090192001650,Capital Community College Magnet Academy,1998-99,1998,,False,False
090192001650,Capital Community College Magnet Academy,1999-00,1999,,False,False
090192001650,Capital Community College Magnet Academy,2000-01,2000,,False,False
090192001650,Capital Community College Magnet Academy,2001-02,2001,,False,False
090192001650,Capital Community College Magnet Academy,2002-03,2002,,False,False
090192001650,Capital Community College Magnet Academy,2003-04,2003,,False,False
090192001650,Capital Community College Magnet Academy,2004-05,2004,,False,False
090192001650,Capital Community College Magnet Academy,2005-06,2005,,False,False
090192001650,Capital Community College Magnet Academy,2006-07,2006,,False,False
090192001650,Capital Community College Magnet Academy,2007-08,2007,,False,False
090192001650,Capital Community College Magnet Academy,2008-09,2008,,False,False
090192001650,Capital Community College Magnet Academy,2009-10,2009,,False,False
090192001650,Capital Community College Magnet Academy,2010-11,2010,,False,False
090192001650,Capital Community College Magnet Academy,2011-12,2011,,False,False
090192001650,Capital Community College Magnet Academy,2012-13,2012,,False,False
090192001650,Capital Community College Magnet Academy,2013-14,2013,,False,False
090192001650,Capital Community College Magnet Academy,2014-15,2014,47.0,False,False
090192001650,Capital Community College Magnet Academy,2015-16,2015,56.0,False,False
090192001650,Capital Community College Magnet Academy,2016-17,2016,57.0,False,False
090192001650,Capital Community College Magnet Academy,2017-18,2017,33.0,False,False
090192001650,Capital Community College Magnet Academy,2018-19,2018,11.0,False,False
090192001650,Capital Community College Magnet Academy,2019-20,2019,,False,False
090192001650,Capital Community College Magnet Academy,2020-21,2020,,False,False
090192001650,Capital Community College Magnet Academy,2021-22,2021,,False,False
090192001650,Capital Community College Magnet Academy,2022-23,2022,,False,False
090192001650,Capital Community College Magnet Academy,2023-24,2023,,False,False
090192001650,Capital Community College Magnet Academy,2024-25,2024,,False,False
090192001435,Capital Preparatory Magnet School,1986-87,1986,,False,False
090192001435,Capital Preparatory Magnet School,1987-88,1987,,False,False
090192001435,Capital Preparatory Magnet School,1988-89,1988,,False,False
090192001435,Capital Preparatory Magnet School,1989-90,1989,,False,False
090192001435,Capital Preparatory Magnet School,1990-91,1990,,False,False
090192001435,Capital Preparatory Magnet School,1991-92,1991,,False,False
090192001435,Capital Preparatory Magnet School,1992-93,1992,,False,False
090192001435,Capital Preparatory Magnet School,1993-94,1993,,False,False
090192001435,Capital Preparatory Magnet School,1994-95,1994,,False,False
090192001435,Capital Preparatory Magnet School,1995-96,1995,,False,False
090192001435,Capital Preparatory Magnet School,1996-97,1996,,False,False
090192001435,Capital Preparatory Magnet School,1997-98,1997,,False,False
090192001435,Capital Preparatory Magnet School,1998-99,1998,,False,False
090192001435,Capital Preparatory Magnet School,1999-00,1999,,False,False
090192001435,Capital Preparatory Magnet School,2000-01,2000,,False,False
090192001435,Capital Preparatory Magnet School,2001-02,2001,,False,False
090192001435,Capital Preparatory Magnet School,2002-03,2002,,False,False
090192001435,Capital Preparatory Magnet School,2003-04,2003,,False,False
090192001435,Capital Preparatory Magnet School,2004-05,2004,,False,False
090192001435,Capital Preparatory Magnet School,2005-06,2005,142.0,False,False
090192001435,Capital Preparatory Magnet School,2006-07,2006,260.0,False,False
090192001435,Capital Preparatory Magnet School,2007-08,2007,266.0,False,False
090192001435,Capital Preparatory Magnet School,2008-09,2008,271.0,False,False
090192001435,Capital Preparatory Magnet School,2009-10,2009,276.0,False,False
090192001435,Capital Preparatory Magnet School,2010-11,2010,336.0,False,False
090192001435,Capital Preparatory Magnet School,2011-12,2011,521.0,False,False
090192001435,Capital Preparatory Magnet School,2012-13,2012,674.0,False,False
090192001435,Capital Preparatory Magnet School,2013-14,2013,701.0,False,False
090192001435,Capital Preparatory Magnet School,2014-15,2014,672.0,False,False
090192001435,Capital Preparatory Magnet School,2015-16,2015,629.0,False,False
090192001435,Capital Preparatory Magnet School,2016-17,2016,556.0,False,False
090192001435,Capital Preparatory Magnet School,2017-18,2017,489.0,False,False
090192001435,Capital Preparatory Magnet School,2018-19,2018,523.0,False,False
090192001435,Capital Preparatory Magnet School,2019-20,2019,631.0,False,False
090192001435,Capital Preparatory Magnet School,2020-21,2020,660.0,False,False
090192001435,Capital Preparatory Magnet School,2021-22,2021,647.0,False,False
090192001435,Capital Preparatory Magnet School,2022-23,2022,584.0,False,False
090192001435,Capital Preparatory Magnet School,2023-24,2023,533.0,False,False
090192001435,Capital Preparatory Magnet School,2024-25,2024,580.0,False,False
090192000359,Clark School,1986-87,1986,688.0,False,True
090192000359,Clark School,1987-88,1987,705.0,False,True
090192000359,Clark School,1988-89,1988,723.0,False,True
090192000359,Clark School,1989-90,1989,714.0,False,True
090192000359,Clark School,1990-91,1990,768.0,False,True
090192000359,Clark School,1991-92,1991,750.0,False,True
090192000359,Clark School,1992-93,1992,685.0,False,True
090192000359,Clark School,1993-94,1993,663.0,False,True
090192000359,Clark School,1994-95,1994,644.0,False,True
090192000359,Clark School,1995-96,1995,628.0,False,True
090192000359,Clark School,1996-97,1996,629.0,False,True
090192000359,Clark School,1997-98,1997,600.0,False,True
090192000359,Clark School,1998-99,1998,592.0,False,True
090192000359,Clark School,1999-00,1999,605.0,False,True
090192000359,Clark School,2000-01,2000,492.0,False,True
090192000359,Clark School,2001-02,2001,431.0,False,True
090192000359,Clark School,2002-03,2002,418.0,False,True
090192000359,Clark School,2003-04,2003,422.0,False,True
090192000359,Clark School,2004-05,2004,390.0,False,True
090192000359,Clark School,2005-06,2005,436.0,False,True
090192000359,Clark School,2006-07,2006,397.0,False,True
090192000359,Clark School,2007-08,2007,442.0,False,True
090192000359,Clark School,2008-09,2008,466.0,False,True
090192000359,Clark School,2009-10,2009,416.0,False,True
090192000359,Clark School,2010-11,2010,384.0,False,True
090192000359,Clark School,2011-12,2011,397.0,False,True
090192000359,Clark School,2012-13,2012,379.0,False,True
090192000359,Clark School,2013-14,2013,369.0,False,True
090192000359,Clark School,2014-15,2014,335.0,False,True
090192000359,Clark School,2015-16,2015,246.0,False,True
090192000359,Clark School,2016-17,2016,,False,True
090192000359,Clark School,2017-18,2017,,False,True
090192000359,Clark School,2018-19,2018,,False,True
090192000359,Clark School,2019-20,2019,,False,True
090192000359,Clark School,2020-21,2020,,False,True
090192000359,Clark School,2021-22,2021,,False,True
090192000359,Clark School,2022-23,2022,,False,True
090192000359,Clark School,2023-24,2023,,False,True
090192000359,Clark School,2024-25,2024,,False,True
090192001478,Classical Magnet School,1986-87,1986,,False,False
090192001478,Classical Magnet School,1987-88,1987,,False,False
090192001478,Classical Magnet School,1988-89,1988,,False,False
090192001478,Classical Magnet School,1989-90,1989,,False,False
090192001478,Classical Magnet School,1990-91,1990,,False,False
090192001478,Classical Magnet School,1991-92,1991,,False,False
090192001478,Classical Magnet School,1992-93,1992,,False,False
090192001478,Classical Magnet School,1993-94,1993,,False,False
090192001478,Classical Magnet School,1994-95,1994,,False,False
090192001478,Classical Magnet School,1995-96,1995,,False,False
090192001478,Classical Magnet School,1996-97,1996,,False,False
090192001478,Classical Magnet School,1997-98,1997,,False,False
090192001478,Classical Magnet School,1998-99,1998,,False,False
090192001478,Classical Magnet School,1999-00,1999,,False,False
090192001478,Classical Magnet School,2000-01,2000,,False,False
090192001478,Classical Magnet School,2001-02,2001,,False,False
090192001478,Classical Magnet School,2002-03,2002,,False,False
090192001478,Classical Magnet School,2003-04,2003,440.0,False,False
090192001478,Classical Magnet School,2004-05,2004,373.0,False,False
090192001478,Classical Magnet School,2005-06,2005,428.0,False,False
090192001478,Classical Magnet School,2006-07,2006,584.0,False,False
090192001478,Classical Magnet School,2007-08,2007,620.0,False,False
090192001478,Classical Magnet School,2008-09,2008,697.0,False,False
090192001478,Classical Magnet School,2009-10,2009,715.0,False,False
090192001478,Classical Magnet School,2010-11,2010,710.0,False,False
090192001478,Classical Magnet School,2011-12,2011,714.0,False,False
090192001478,Classical Magnet School,2012-13,2012,701.0,False,False
090192001478,Classical Magnet School,2013-14,2013,690.0,False,False
090192001478,Classical Magnet School,2014-15,2014,702.0,False,False
090192001478,Classical Magnet School,2015-16,2015,663.0,False,False
090192001478,Classical Magnet School,2016-17,2016,560.0,False,False
090192001478,Classical Magnet School,2017-18,2017,523.0,False,False
090192001478,Classical Magnet School,2018-19,2018,532.0,False,False
090192001478,Classical Magnet School,2019-20,2019,428.0,False,False
090192001478,Classical Magnet School,2020-21,2020,451.0,False,False
090192001478,Classical Magnet School,2021-22,2021,452.0,False,False
090192001478,Classical Magnet School,2022-23,2022,445.0,False,False
090192001478,Classical Magnet School,2023-24,2023,472.0,False,False
090192001478,Classical Magnet School,2024-25,2024,438.0,False,False
090192001522,Culinary Arts Academy At Weaver High School,1986-87,1986,,False,False
090192001522,Culinary Arts Academy At Weaver High School,1987-88,1987,,False,False
090192001522,Culinary Arts Academy At Weaver High School,1988-89,1988,,False,False
090192001522,Culinary Arts Academy At Weaver High School,1989-90,1989,,False,False
090192001522,Culinary Arts Academy At Weaver High School,1990-91,1990,,False,False
090192001522,Culinary Arts Academy At Weaver High School,1991-92,1991,,False,False
090192001522,Culinary Arts Academy At Weaver High School,1992-93,1992,,False,False
090192001522,Culinary Arts Academy At Weaver High School,1993-94,1993,,False,False
090192001522,Culinary Arts Academy At Weaver High School,1994-95,1994,,False,False
090192001522,Culinary Arts Academy At Weaver High School,1995-96,1995,,False,False
090192001522,Culinary Arts Academy At Weaver High School,1996-97,1996,,False,False
090192001522,Culinary Arts Academy At Weaver High School,1997-98,1997,,False,False
090192001522,Culinary Arts Academy At Weaver High School,1998-99,1998,,False,False
090192001522,Culinary Arts Academy At Weaver High School,1999-00,1999,,False,False
090192001522,Culinary Arts Academy At Weaver High School,2000-01,2000,,False,False
090192001522,Culinary Arts Academy At Weaver High School,2001-02,2001,,False,False
090192001522,Culinary Arts Academy At Weaver High School,2002-03,2002,,False,False
090192001522,Culinary Arts Academy At Weaver High School,2003-04,2003,,False,False
090192001522,Culinary Arts Academy At Weaver High School,2004-05,2004,,False,False
090192001522,Culinary Arts Academy At Weaver High School,2005-06,2005,,False,False
090192001522,Culinary Arts Academy At Weaver High School,2006-07,2006,,False,False
090192001522,Culinary Arts Academy At Weaver High School,2007-08,2007,,False,False
090192001522,Culinary Arts Academy At Weaver High School,2008-09,2008,221.0,False,False
090192001522,Culinary Arts Academy At Weaver High School,2009-10,2009,266.0,False,False
090192001522,Culinary Arts Academy At Weaver High School,2010-11,2010,246.0,False,False
090192001522,Culinary Arts Academy At Weaver High School,2011-12,2011,297.0,False,False
090192001522,Culinary Arts Academy At Weaver High School,2012-13,2012,244.0,False,False
090192001522,Culinary Arts Academy At Weaver High School,2013-14,2013,294.0,False,False
090192001522,Culinary Arts Academy At Weaver High School,2014-15,2014,275.0,False,False
090192001522,Culinary Arts Academy At Weaver High School,2015-16,2015,285.0,False,False
090192001522,Culinary Arts Academy At Weaver High School,2016-17,2016,168.0,False,False
090192001522,Culinary Arts Academy At Weaver High School,2017-18,2017,73.0,False,False
090192001522,Culinary Arts Academy At Weaver High School,2018-19,2018,24.0,False,False
090192001522,Culinary Arts Academy At Weaver High School,2019-20,2019,,False,False
090192001522,Culinary Arts Academy At Weaver High School,2020-21,2020,,False,False
090192001522,Culinary Arts Academy At Weaver High School,2021-22,2021,,False,False
090192001522,Culinary Arts Academy At Weaver High School,2022-23,2022,,False,False
090192001522,Culinary Arts Academy At Weaver High School,2023-24,2023,,False,False
090192001522,Culinary Arts Academy At Weaver High School,2024-25,2024,,False,False
090192001879,Ddp - Simpson-Waverly School,1986-87,1986,,False,False
090192001879,Ddp - Simpson-Waverly School,1987-88,1987,,False,False
090192001879,Ddp - Simpson-Waverly School,1988-89,1988,,False,False
090192001879,Ddp - Simpson-Waverly School,1989-90,1989,,False,False
090192001879,Ddp - Simpson-Waverly School,1990-91,1990,,False,False
090192001879,Ddp - Simpson-Waverly School,1991-92,1991,,False,False
090192001879,Ddp - Simpson-Waverly School,1992-93,1992,,False,False
090192001879,Ddp - Simpson-Waverly School,1993-94,1993,,False,False
090192001879,Ddp - Simpson-Waverly School,1994-95,1994,,False,False
090192001879,Ddp - Simpson-Waverly School,1995-96,1995,,False,False
090192001879,Ddp - Simpson-Waverly School,1996-97,1996,,False,False
090192001879,Ddp - Simpson-Waverly School,1997-98,1997,,False,False
090192001879,Ddp - Simpson-Waverly School,1998-99,1998,,False,False
090192001879,Ddp - Simpson-Waverly School,1999-00,1999,,False,False
090192001879,Ddp - Simpson-Waverly School,2000-01,2000,,False,False
090192001879,Ddp - Simpson-Waverly School,2001-02,2001,,False,False
090192001879,Ddp - Simpson-Waverly School,2002-03,2002,,False,False
090192001879,Ddp - Simpson-Waverly School,2003-04,2003,,False,False
090192001879,Ddp - Simpson-Waverly School,2004-05,2004,,False,False
090192001879,Ddp - Simpson-Waverly School,2005-06,2005,,False,False
090192001879,Ddp - Simpson-Waverly School,2006-07,2006,,False,False
090192001879,Ddp - Simpson-Waverly School,2007-08,2007,,False,False
090192001879,Ddp - Simpson-Waverly School,2008-09,2008,,False,False
090192001879,Ddp - Simpson-Waverly School,2009-10,2009,,False,False
090192001879,Ddp - Simpson-Waverly School,2010-11,2010,,False,False
090192001879,Ddp - Simpson-Waverly School,2011-12,2011,,False,False
090192001879,Ddp - Simpson-Waverly School,2012-13,2012,,False,False
090192001879,Ddp - Simpson-Waverly School,2013-14,2013,,False,False
090192001879,Ddp - Simpson-Waverly School,2014-15,2014,,False,False
090192001879,Ddp - Simpson-Waverly School,2015-16,2015,4.0,False,False
090192001879,Ddp - Simpson-Waverly School,2016-17,2016,10.0,False,False
090192001879,Ddp - Simpson-Waverly School,2017-18,2017,,False,False
090192001879,Ddp - Simpson-Waverly School,2018-19,2018,,False,False
090192001879,Ddp - Simpson-Waverly School,2019-20,2019,,False,False
090192001879,Ddp - Simpson-Waverly School,2020-21,2020,,False,False
090192001879,Ddp - Simpson-Waverly School,2021-22,2021,,False,False
090192001879,Ddp - Simpson-Waverly School,2022-23,2022,,False,False
090192001879,Ddp - Simpson-Waverly School,2023-24,2023,,False,False
090192001879,Ddp - Simpson-Waverly School,2024-25,2024,,False,False
090192000006,Dr. Joseph Bellizzi Middle School,1986-87,1986,,False,False
090192000006,Dr. Joseph Bellizzi Middle School,1987-88,1987,,False,False
090192000006,Dr. Joseph Bellizzi Middle School,1988-89,1988,,False,False
090192000006,Dr. Joseph Bellizzi Middle School,1989-90,1989,,False,False
090192000006,Dr. Joseph Bellizzi Middle School,1990-91,1990,,False,False
090192000006,Dr. Joseph Bellizzi Middle School,1991-92,1991,519.0,False,False
090192000006,Dr. Joseph Bellizzi Middle School,1992-93,1992,605.0,False,False
090192000006,Dr. Joseph Bellizzi Middle School,1993-94,1993,612.0,False,False
090192000006,Dr. Joseph Bellizzi Middle School,1994-95,1994,478.0,False,False
090192000006,Dr. Joseph Bellizzi Middle School,1995-96,1995,531.0,False,False
090192000006,Dr. Joseph Bellizzi Middle School,1996-97,1996,648.0,False,False
090192000006,Dr. Joseph Bellizzi Middle School,1997-98,1997,743.0,False,False
090192000006,Dr. Joseph Bellizzi Middle School,1998-99,1998,699.0,False,False
090192000006,Dr. Joseph Bellizzi Middle School,1999-00,1999,721.0,False,False
090192000006,Dr. Joseph Bellizzi Middle School,2000-01,2000,710.0,False,False
090192000006,Dr. Joseph Bellizzi Middle School,2001-02,2001,694.0,False,False
090192000006,Dr. Joseph Bellizzi Middle School,2002-03,2002,737.0,False,False
090192000006,Dr. Joseph Bellizzi Middle School,2003-04,2003,710.0,False,False
090192000006,Dr. Joseph Bellizzi Middle School,2004-05,2004,744.0,False,False
090192000006,Dr. Joseph Bellizzi Middle School,2005-06,2005,699.0,False,False
090192000006,Dr. Joseph Bellizzi Middle School,2006-07,2006,523.0,False,False
090192000006,Dr. Joseph Bellizzi Middle School,2007-08,2007,447.0,False,False
090192000006,Dr. Joseph Bellizzi Middle School,2008-09,2008,428.0,False,False
090192000006,Dr. Joseph Bellizzi Middle School,2009-10,2009,436.0,False,False
090192000006,Dr. Joseph Bellizzi Middle School,2010-11,2010,296.0,False,False
090192000006,Dr. Joseph Bellizzi Middle School,2011-12,2011,146.0,False,False
090192000006,Dr. Joseph Bellizzi Middle School,2012-13,2012,57.0,False,False
090192000006,Dr. Joseph Bellizzi Middle School,2013-14,2013,,False,False
090192000006,Dr. Joseph Bellizzi Middle School,2014-15,2014,,False,False
090192000006,Dr. Joseph Bellizzi Middle School,2015-16,2015,,False,False
090192000006,Dr. Joseph Bellizzi Middle School,2016-17,2016,,False,False
090192000006,Dr. Joseph Bellizzi Middle School,2017-18,2017,,False,False
090192000006,Dr. Joseph Bellizzi Middle School,2018-19,2018,,False,False
090192000006,Dr. Joseph Bellizzi Middle School,2019-20,2019,,False,False
090192000006,Dr. Joseph Bellizzi Middle School,2020-21,2020,,False,False
090192000006,Dr. Joseph Bellizzi Middle School,2021-22,2021,,False,False
090192000006,Dr. Joseph Bellizzi Middle School,2022-23,2022,,False,False
090192000006,Dr. Joseph Bellizzi Middle School,2023-24,2023,,False,False
090192000006,Dr. Joseph Bellizzi Middle School,2024-25,2024,,False,False
090192000360,Dwight-Bellizzi Dual Language Academy,1986-87,1986,361.0,False,True
090192000360,Dwight-Bellizzi Dual Language Academy,1987-88,1987,365.0,False,True
090192000360,Dwight-Bellizzi Dual Language Academy,1988-89,1988,382.0,False,True
090192000360,Dwight-Bellizzi Dual Language Academy,1989-90,1989,413.0,False,True
090192000360,Dwight-Bellizzi Dual Language Academy,1990-91,1990,409.0,False,True
090192000360,Dwight-Bellizzi Dual Language Academy,1991-92,1991,468.0,False,True
090192000360,Dwight-Bellizzi Dual Language Academy,1992-93,1992,452.0,False,True
090192000360,Dwight-Bellizzi Dual Language Academy,1993-94,1993,498.0,False,True
090192000360,Dwight-Bellizzi Dual Language Academy,1994-95,1994,468.0,False,True
090192000360,Dwight-Bellizzi Dual Language Academy,1995-96,1995,529.0,False,True
090192000360,Dwight-Bellizzi Dual Language Academy,1996-97,1996,570.0,False,True
090192000360,Dwight-Bellizzi Dual Language Academy,1997-98,1997,537.0,False,True
090192000360,Dwight-Bellizzi Dual Language Academy,1998-99,1998,585.0,False,True
090192000360,Dwight-Bellizzi Dual Language Academy,1999-00,1999,534.0,False,True
090192000360,Dwight-Bellizzi Dual Language Academy,2000-01,2000,570.0,False,True
090192000360,Dwight-Bellizzi Dual Language Academy,2001-02,2001,531.0,False,True
090192000360,Dwight-Bellizzi Dual Language Academy,2002-03,2002,562.0,False,True
090192000360,Dwight-Bellizzi Dual Language Academy,2003-04,2003,545.0,False,True
090192000360,Dwight-Bellizzi Dual Language Academy,2004-05,2004,520.0,False,True
090192000360,Dwight-Bellizzi Dual Language Academy,2005-06,2005,577.0,False,True
090192000360,Dwight-Bellizzi Dual Language Academy,2006-07,2006,429.0,False,True
090192000360,Dwight-Bellizzi Dual Language Academy,2007-08,2007,434.0,False,True
090192000360,Dwight-Bellizzi Dual Language Academy,2008-09,2008,355.0,False,True
090192000360,Dwight-Bellizzi Dual Language Academy,2009-10,2009,328.0,False,True
090192000360,Dwight-Bellizzi Dual Language Academy,2010-11,2010,339.0,False,True
090192000360,Dwight-Bellizzi Dual Language Academy,2011-12,2011,450.0,False,True
090192000360,Dwight-Bellizzi Dual Language Academy,2012-13,2012,556.0,False,True
090192000360,Dwight-Bellizzi Dual Language Academy,2013-14,2013,635.0,False,True
090192000360,Dwight-Bellizzi Dual Language Academy,2014-15,2014,662.0,False,True
090192000360,Dwight-Bellizzi Dual Language Academy,2015-16,2015,649.0,False,True
090192000360,Dwight-Bellizzi Dual Language Academy,2016-17,2016,634.0,False,True
090192000360,Dwight-Bellizzi Dual Language Academy,2017-18,2017,623.0,False,True
090192000360,Dwight-Bellizzi Dual Language Academy,2018-19,2018,596.0,False,True
090192000360,Dwight-Bellizzi Dual Language Academy,2019-20,2019,555.0,False,True
090192000360,Dwight-Bellizzi Dual Language Academy,2020-21,2020,566.0,False,True
090192000360,Dwight-Bellizzi Dual Language Academy,2021-22,2021,594.0,False,True
090192000360,Dwight-Bellizzi Dual Language Academy,2022-23,2022,626.0,False,True
090192000360,Dwight-Bellizzi Dual Language Academy,2023-24,2023,643.0,False,True
090192000360,Dwight-Bellizzi Dual Language Academy,2024-25,2024,651.0,False,True
090192000366,Environmental Sciences Magnet At Hooker School,1986-87,1986,859.0,False,True
090192000366,Environmental Sciences Magnet At Hooker School,1987-88,1987,936.0,False,True
090192000366,Environmental Sciences Magnet At Hooker School,1988-89,1988,1002.0,False,True
090192000366,Environmental Sciences Magnet At Hooker School,1989-90,1989,1030.0,False,True
090192000366,Environmental Sciences Magnet At Hooker School,1990-91,1990,1023.0,False,True
090192000366,Environmental Sciences Magnet At Hooker School,1991-92,1991,712.0,False,True
090192000366,Environmental Sciences Magnet At Hooker School,1992-93,1992,719.0,False,True
090192000366,Environmental Sciences Magnet At Hooker School,1993-94,1993,696.0,False,True
090192000366,Environmental Sciences Magnet At Hooker School,1994-95,1994,779.0,False,True
090192000366,Environmental Sciences Magnet At Hooker School,1995-96,1995,646.0,False,True
090192000366,Environmental Sciences Magnet At Hooker School,1996-97,1996,433.0,False,True
090192000366,Environmental Sciences Magnet At Hooker School,1997-98,1997,344.0,False,True
090192000366,Environmental Sciences Magnet At Hooker School,1998-99,1998,279.0,False,True
090192000366,Environmental Sciences Magnet At Hooker School,1999-00,1999,251.0,False,True
090192000366,Environmental Sciences Magnet At Hooker School,2000-01,2000,248.0,False,True
090192000366,Environmental Sciences Magnet At Hooker School,2001-02,2001,213.0,False,True
090192000366,Environmental Sciences Magnet At Hooker School,2002-03,2002,255.0,False,True
090192000366,Environmental Sciences Magnet At Hooker School,2003-04,2003,301.0,False,True
090192000366,Environmental Sciences Magnet At Hooker School,2004-05,2004,318.0,False,True
090192000366,Environmental Sciences Magnet At Hooker School,2005-06,2005,345.0,False,True
090192000366,Environmental Sciences Magnet At Hooker School,2006-07,2006,402.0,False,True
090192000366,Environmental Sciences Magnet At Hooker School,2007-08,2007,403.0,False,True
090192000366,Environmental Sciences Magnet At Hooker School,2008-09,2008,407.0,False,True
090192000366,Environmental Sciences Magnet At Hooker School,2009-10,2009,345.0,False,True
090192000366,Environmental Sciences Magnet At Hooker School,2010-11,2010,275.0,False,True
090192000366,Environmental Sciences Magnet At Hooker School,2011-12,2011,358.0,False,True
090192000366,Environmental Sciences Magnet At Hooker School,2012-13,2012,570.0,False,True
090192000366,Environmental Sciences Magnet At Hooker School,2013-14,2013,596.0,False,True
090192000366,Environmental Sciences Magnet At Hooker School,2014-15,2014,607.0,False,True
090192000366,Environmental Sciences Magnet At Hooker School,2015-16,2015,613.0,False,True
090192000366,Environmental Sciences Magnet At Hooker School,2016-17,2016,610.0,False,True
090192000366,Environmental Sciences Magnet At Hooker School,2017-18,2017,613.0,False,True
090192000366,Environmental Sciences Magnet At Hooker School,2018-19,2018,607.0,False,True
090192000366,Environmental Sciences Magnet At Hooker School,2019-20,2019,606.0,False,True
090192000366,Environmental Sciences Magnet At Hooker School,2020-21,2020,573.0,False,True
090192000366,Environmental Sciences Magnet At Hooker School,2021-22,2021,552.0,False,True
090192000366,Environmental Sciences Magnet At Hooker School,2022-23,2022,556.0,False,True
090192000366,Environmental Sciences Magnet At Hooker School,2023-24,2023,567.0,False,True
090192000366,Environmental Sciences Magnet At Hooker School,2024-25,2024,547.0,False,True
090192000636,Expeditionary Learning Academy At Moylan School,1986-87,1986,,False,False
090192000636,Expeditionary Learning Academy At Moylan School,1987-88,1987,,False,False
090192000636,Expeditionary Learning Academy At Moylan School,1988-89,1988,,False,False
090192000636,Expeditionary Learning Academy At Moylan School,1989-90,1989,,False,False
090192000636,Expeditionary Learning Academy At Moylan School,1990-91,1990,,False,False
090192000636,Expeditionary Learning Academy At Moylan School,1991-92,1991,,False,False
090192000636,Expeditionary Learning Academy At Moylan School,1992-93,1992,,False,False
090192000636,Expeditionary Learning Academy At Moylan School,1993-94,1993,,False,False
090192000636,Expeditionary Learning Academy At Moylan School,1994-95,1994,,False,False
090192000636,Expeditionary Learning Academy At Moylan School,1995-96,1995,,False,False
090192000636,Expeditionary Learning Academy At Moylan School,1996-97,1996,,False,False
090192000636,Expeditionary Learning Academy At Moylan School,1997-98,1997,848.0,False,False
090192000636,Expeditionary Learning Academy At Moylan School,1998-99,1998,768.0,False,False
090192000636,Expeditionary Learning Academy At Moylan School,1999-00,1999,617.0,False,False
090192000636,Expeditionary Learning Academy At Moylan School,2000-01,2000,631.0,False,False
090192000636,Expeditionary Learning Academy At Moylan School,2001-02,2001,573.0,False,False
090192000636,Expeditionary Learning Academy At Moylan School,2002-03,2002,565.0,False,False
090192000636,Expeditionary Learning Academy At Moylan School,2003-04,2003,506.0,False,False
090192000636,Expeditionary Learning Academy At Moylan School,2004-05,2004,540.0,False,False
090192000636,Expeditionary Learning Academy At Moylan School,2005-06,2005,581.0,False,False
090192000636,Expeditionary Learning Academy At Moylan School,2006-07,2006,583.0,False,False
090192000636,Expeditionary Learning Academy At Moylan School,2007-08,2007,598.0,False,False
090192000636,Expeditionary Learning Academy At Moylan School,2008-09,2008,537.0,False,False
090192000636,Expeditionary Learning Academy At Moylan School,2009-10,2009,610.0,False,False
090192000636,Expeditionary Learning Academy At Moylan School,2010-11,2010,682.0,False,False
090192000636,Expeditionary Learning Academy At Moylan School,2011-12,2011,750.0,False,False
090192000636,Expeditionary Learning Academy At Moylan School,2012-13,2012,704.0,False,False
090192000636,Expeditionary Learning Academy At Moylan School,2013-14,2013,594.0,False,False
090192000636,Expeditionary Learning Academy At Moylan School,2014-15,2014,577.0,False,False
090192000636,Expeditionary Learning Academy At Moylan School,2015-16,2015,532.0,False,False
090192000636,Expeditionary Learning Academy At Moylan School,2016-17,2016,501.0,False,False
090192000636,Expeditionary Learning Academy At Moylan School,2017-18,2017,474.0,False,False
090192000636,Expeditionary Learning Academy At Moylan School,2018-19,2018,551.0,False,False
090192000636,Expeditionary Learning Academy At Moylan School,2019-20,2019,510.0,False,False
090192000636,Expeditionary Learning Academy At Moylan School,2020-21,2020,416.0,False,False
090192000636,Expeditionary Learning Academy At Moylan School,2021-22,2021,363.0,False,False
090192000636,Expeditionary Learning Academy At Moylan School,2022-23,2022,360.0,False,False
090192000636,Expeditionary Learning Academy At Moylan School,2023-24,2023,379.0,False,False
090192000636,Expeditionary Learning Academy At Moylan School,2024-25,2024,342.0,False,False
090192000363,Fox Middle School,1986-87,1986,1021.0,False,False
090192000363,Fox Middle School,1987-88,1987,991.0,False,False
090192000363,Fox Middle School,1988-89,1988,966.0,False,False
090192000363,Fox Middle School,1989-90,1989,942.0,False,False
090192000363,Fox Middle School,1990-91,1990,1009.0,False,False
090192000363,Fox Middle School,1991-92,1991,1132.0,False,False
090192000363,Fox Middle School,1992-93,1992,1101.0,False,False
090192000363,Fox Middle School,1993-94,1993,1110.0,False,False
090192000363,Fox Middle School,1994-95,1994,1011.0,False,False
090192000363,Fox Middle School,1995-96,1995,982.0,False,False
090192000363,Fox Middle School,1996-97,1996,1076.0,False,False
090192000363,Fox Middle School,1997-98,1997,996.0,False,False
090192000363,Fox Middle School,1998-99,1998,899.0,False,False
090192000363,Fox Middle School,1999-00,1999,836.0,False,False
090192000363,Fox Middle School,2000-01,2000,848.0,False,False
090192000363,Fox Middle School,2001-02,2001,787.0,False,False
090192000363,Fox Middle School,2002-03,2002,778.0,False,False
090192000363,Fox Middle School,2003-04,2003,800.0,False,False
090192000363,Fox Middle School,2004-05,2004,796.0,False,False
090192000363,Fox Middle School,2005-06,2005,761.0,False,False
090192000363,Fox Middle School,2006-07,2006,596.0,False,False
090192000363,Fox Middle School,2007-08,2007,461.0,False,False
090192000363,Fox Middle School,2008-09,2008,163.0,False,False
090192000363,Fox Middle School,2009-10,2009,,False,False
090192000363,Fox Middle School,2010-11,2010,,False,False
090192000363,Fox Middle School,2011-12,2011,,False,False
090192000363,Fox Middle School,2012-13,2012,,False,False
090192000363,Fox Middle School,2013-14,2013,,False,False
090192000363,Fox Middle School,2014-15,2014,,False,False
090192000363,Fox Middle School,2015-16,2015,,False,False
090192000363,Fox Middle School,2016-17,2016,,False,False
090192000363,Fox Middle School,2017-18,2017,,False,False
090192000363,Fox Middle School,2018-19,2018,,False,False
090192000363,Fox Middle School,2019-20,2019,,False,False
090192000363,Fox Middle School,2020-21,2020,,False,False
090192000363,Fox Middle School,2021-22,2021,,False,False
090192000363,Fox Middle School,2022-23,2022,,False,False
090192000363,Fox Middle School,2023-24,2023,,False,False
090192000363,Fox Middle School,2024-25,2024,,False,False
090192001535,Global Communications Academy,1986-87,1986,,False,False
090192001535,Global Communications Academy,1987-88,1987,,False,False
090192001535,Global Communications Academy,1988-89,1988,,False,False
090192001535,Global Communications Academy,1989-90,1989,,False,False
090192001535,Global Communications Academy,1990-91,1990,,False,False
090192001535,Global Communications Academy,1991-92,1991,,False,False
090192001535,Global Communications Academy,1992-93,1992,,False,False
090192001535,Global Communications Academy,1993-94,1993,,False,False
090192001535,Global Communications Academy,1994-95,1994,,False,False
090192001535,Global Communications Academy,1995-96,1995,,False,False
090192001535,Global Communications Academy,1996-97,1996,,False,False
090192001535,Global Communications Academy,1997-98,1997,,False,False
090192001535,Global Communications Academy,1998-99,1998,,False,False
090192001535,Global Communications Academy,1999-00,1999,,False,False
090192001535,Global Communications Academy,2000-01,2000,,False,False
090192001535,Global Communications Academy,2001-02,2001,,False,False
090192001535,Global Communications Academy,2002-03,2002,,False,False
090192001535,Global Communications Academy,2003-04,2003,,False,False
090192001535,Global Communications Academy,2004-05,2004,,False,False
090192001535,Global Communications Academy,2005-06,2005,,False,False
090192001535,Global Communications Academy,2006-07,2006,,False,False
090192001535,Global Communications Academy,2007-08,2007,,False,False
090192001535,Global Communications Academy,2008-09,2008,208.0,False,False
090192001535,Global Communications Academy,2009-10,2009,376.0,False,False
090192001535,Global Communications Academy,2010-11,2010,373.0,False,False
090192001535,Global Communications Academy,2011-12,2011,417.0,False,False
090192001535,Global Communications Academy,2012-13,2012,420.0,False,False
090192001535,Global Communications Academy,2013-14,2013,492.0,False,False
090192001535,Global Communications Academy,2014-15,2014,621.0,False,False
090192001535,Global Communications Academy,2015-16,2015,661.0,False,False
090192001535,Global Communications Academy,2016-17,2016,617.0,False,False
090192001535,Global Communications Academy,2017-18,2017,629.0,False,False
090192001535,Global Communications Academy,2018-19,2018,599.0,False,False
090192001535,Global Communications Academy,2019-20,2019,583.0,False,False
090192001535,Global Communications Academy,2020-21,2020,438.0,False,False
090192001535,Global Communications Academy,2021-22,2021,431.0,False,False
090192001535,Global Communications Academy,2022-23,2022,444.0,False,False
090192001535,Global Communications Academy,2023-24,2023,437.0,False,False
090192001535,Global Communications Academy,2024-25,2024,414.0,False,False
090192001403,Great Path Academy At Ct State Manchester,1986-87,1986,,False,False
090192001403,Great Path Academy At Ct State Manchester,1987-88,1987,,False,False
090192001403,Great Path Academy At Ct State Manchester,1988-89,1988,,False,False
090192001403,Great Path Academy At Ct State Manchester,1989-90,1989,,False,False
090192001403,Great Path Academy At Ct State Manchester,1990-91,1990,,False,False
090192001403,Great Path Academy At Ct State Manchester,1991-92,1991,,False,False
090192001403,Great Path Academy At Ct State Manchester,1992-93,1992,,False,False
090192001403,Great Path Academy At Ct State Manchester,1993-94,1993,,False,False
090192001403,Great Path Academy At Ct State Manchester,1994-95,1994,,False,False
090192001403,Great Path Academy At Ct State Manchester,1995-96,1995,,False,False
090192001403,Great Path Academy At Ct State Manchester,1996-97,1996,,False,False
090192001403,Great Path Academy At Ct State Manchester,1997-98,1997,,False,False
090192001403,Great Path Academy At Ct State Manchester,1998-99,1998,,False,False
090192001403,Great Path Academy At Ct State Manchester,1999-00,1999,,False,False
090192001403,Great Path Academy At Ct State Manchester,2000-01,2000,,False,False
090192001403,Great Path Academy At Ct State Manchester,2001-02,2001,,False,False
090192001403,Great Path Academy At Ct State Manchester,2002-03,2002,,False,False
090192001403,Great Path Academy At Ct State Manchester,2003-04,2003,,False,False
090192001403,Great Path Academy At Ct State Manchester,2004-05,2004,,False,False
090192001403,Great Path Academy At Ct State Manchester,2005-06,2005,,False,False
090192001403,Great Path Academy At Ct State Manchester,2006-07,2006,,False,False
090192001403,Great Path Academy At Ct State Manchester,2007-08,2007,,False,False
090192001403,Great Path Academy At Ct State Manchester,2008-09,2008,,False,False
090192001403,Great Path Academy At Ct State Manchester,2009-10,2009,,False,False
090192001403,Great Path Academy At Ct State Manchester,2010-11,2010,,False,False
090192001403,Great Path Academy At Ct State Manchester,2011-12,2011,,False,False
090192001403,Great Path Academy At Ct State Manchester,2012-13,2012,274.0,False,False
090192001403,Great Path Academy At Ct State Manchester,2013-14,2013,249.0,False,False
090192001403,Great Path Academy At Ct State Manchester,2014-15,2014,256.0,False,False
090192001403,Great Path Academy At Ct State Manchester,2015-16,2015,268.0,False,False
090192001403,Great Path Academy At Ct State Manchester,2016-17,2016,272.0,False,False
090192001403,Great Path Academy At Ct State Manchester,2017-18,2017,320.0,False,False
090192001403,Great Path Academy At Ct State Manchester,2018-19,2018,326.0,False,False
090192001403,Great Path Academy At Ct State Manchester,2019-20,2019,320.0,False,False
090192001403,Great Path Academy At Ct State Manchester,2020-21,2020,308.0,False,False
090192001403,Great Path Academy At Ct State Manchester,2021-22,2021,310.0,False,False
090192001403,Great Path Academy At Ct State Manchester,2022-23,2022,313.0,False,False
090192001403,Great Path Academy At Ct State Manchester,2023-24,2023,303.0,False,False
090192001403,Great Path Academy At Ct State Manchester,2024-25,2024,336.0,False,False
090192001295,Hartford Magnet Trinity College Academy,1986-87,1986,,False,False
090192001295,Hartford Magnet Trinity College Academy,1987-88,1987,,False,False
090192001295,Hartford Magnet Trinity College Academy,1988-89,1988,,False,False
090192001295,Hartford Magnet Trinity College Academy,1989-90,1989,,False,False
090192001295,Hartford Magnet Trinity College Academy,1990-91,1990,,False,False
090192001295,Hartford Magnet Trinity College Academy,1991-92,1991,,False,False
090192001295,Hartford Magnet Trinity College Academy,1992-93,1992,,False,False
090192001295,Hartford Magnet Trinity College Academy,1993-94,1993,,False,False
090192001295,Hartford Magnet Trinity College Academy,1994-95,1994,,False,False
090192001295,Hartford Magnet Trinity College Academy,1995-96,1995,,False,False
090192001295,Hartford Magnet Trinity College Academy,1996-97,1996,,False,False
090192001295,Hartford Magnet Trinity College Academy,1997-98,1997,,False,False
090192001295,Hartford Magnet Trinity College Academy,1998-99,1998,,False,False
090192001295,Hartford Magnet Trinity College Academy,1999-00,1999,,False,False
090192001295,Hartford Magnet Trinity College Academy,2000-01,2000,183.0,False,False
090192001295,Hartford Magnet Trinity College Academy,2001-02,2001,352.0,False,False
090192001295,Hartford Magnet Trinity College Academy,2002-03,2002,562.0,False,False
090192001295,Hartford Magnet Trinity College Academy,2003-04,2003,591.0,False,False
090192001295,Hartford Magnet Trinity College Academy,2004-05,2004,600.0,False,False
090192001295,Hartford Magnet Trinity College Academy,2005-06,2005,572.0,False,False
090192001295,Hartford Magnet Trinity College Academy,2006-07,2006,606.0,False,False
090192001295,Hartford Magnet Trinity College Academy,2007-08,2007,602.0,False,False
090192001295,Hartford Magnet Trinity College Academy,2008-09,2008,613.0,False,False
090192001295,Hartford Magnet Trinity College Academy,2009-10,2009,611.0,False,False
090192001295,Hartford Magnet Trinity College Academy,2010-11,2010,611.0,False,False
090192001295,Hartford Magnet Trinity College Academy,2011-12,2011,715.0,False,False
090192001295,Hartford Magnet Trinity College Academy,2012-13,2012,820.0,False,False
090192001295,Hartford Magnet Trinity College Academy,2013-14,2013,918.0,False,False
090192001295,Hartford Magnet Trinity College Academy,2014-15,2014,1001.0,False,False
090192001295,Hartford Magnet Trinity College Academy,2015-16,2015,1022.0,False,False
090192001295,Hartford Magnet Trinity College Academy,2016-17,2016,1024.0,False,False
090192001295,Hartford Magnet Trinity College Academy,2017-18,2017,1069.0,False,False
090192001295,Hartford Magnet Trinity College Academy,2018-19,2018,1057.0,False,False
090192001295,Hartford Magnet Trinity College Academy,2019-20,2019,1046.0,False,False
090192001295,Hartford Magnet Trinity College Academy,2020-21,2020,1026.0,False,False
090192001295,Hartford Magnet Trinity College Academy,2021-22,2021,979.0,False,False
090192001295,Hartford Magnet Trinity College Academy,2022-23,2022,963.0,False,False
090192001295,Hartford Magnet Trinity College Academy,2023-24,2023,934.0,False,False
090192001295,Hartford Magnet Trinity College Academy,2024-25,2024,925.0,False,False
090192001643,Hartford Prekindergarten Magnet School: North Campus,1986-87,1986,,False,False
090192001643,Hartford Prekindergarten Magnet School: North Campus,1987-88,1987,,False,False
090192001643,Hartford Prekindergarten Magnet School: North Campus,1988-89,1988,,False,False
090192001643,Hartford Prekindergarten Magnet School: North Campus,1989-90,1989,,False,False
090192001643,Hartford Prekindergarten Magnet School: North Campus,1990-91,1990,,False,False
090192001643,Hartford Prekindergarten Magnet School: North Campus,1991-92,1991,,False,False
090192001643,Hartford Prekindergarten Magnet School: North Campus,1992-93,1992,,False,False
090192001643,Hartford Prekindergarten Magnet School: North Campus,1993-94,1993,,False,False
090192001643,Hartford Prekindergarten Magnet School: North Campus,1994-95,1994,,False,False
090192001643,Hartford Prekindergarten Magnet School: North Campus,1995-96,1995,,False,False
090192001643,Hartford Prekindergarten Magnet School: North Campus,1996-97,1996,,False,False
090192001643,Hartford Prekindergarten Magnet School: North Campus,1997-98,1997,,False,False
090192001643,Hartford Prekindergarten Magnet School: North Campus,1998-99,1998,,False,False
090192001643,Hartford Prekindergarten Magnet School: North Campus,1999-00,1999,,False,False
090192001643,Hartford Prekindergarten Magnet School: North Campus,2000-01,2000,,False,False
090192001643,Hartford Prekindergarten Magnet School: North Campus,2001-02,2001,,False,False
090192001643,Hartford Prekindergarten Magnet School: North Campus,2002-03,2002,,False,False
090192001643,Hartford Prekindergarten Magnet School: North Campus,2003-04,2003,,False,False
090192001643,Hartford Prekindergarten Magnet School: North Campus,2004-05,2004,,False,False
090192001643,Hartford Prekindergarten Magnet School: North Campus,2005-06,2005,,False,False
090192001643,Hartford Prekindergarten Magnet School: North Campus,2006-07,2006,,False,False
090192001643,Hartford Prekindergarten Magnet School: North Campus,2007-08,2007,,False,False
090192001643,Hartford Prekindergarten Magnet School: North Campus,2008-09,2008,,False,False
090192001643,Hartford Prekindergarten Magnet School: North Campus,2009-10,2009,,False,False
090192001643,Hartford Prekindergarten Magnet School: North Campus,2010-11,2010,,False,False
090192001643,Hartford Prekindergarten Magnet School: North Campus,2011-12,2011,,False,False
090192001643,Hartford Prekindergarten Magnet School: North Campus,2012-13,2012,,False,False
090192001643,Hartford Prekindergarten Magnet School: North Campus,2013-14,2013,120.0,False,False
090192001643,Hartford Prekindergarten Magnet School: North Campus,2014-15,2014,144.0,False,False
090192001643,Hartford Prekindergarten Magnet School: North Campus,2015-16,2015,143.0,False,False
090192001643,Hartford Prekindergarten Magnet School: North Campus,2016-17,2016,157.0,False,False
090192001643,Hartford Prekindergarten Magnet School: North Campus,2017-18,2017,156.0,False,False
090192001643,Hartford Prekindergarten Magnet School: North Campus,2018-19,2018,151.0,False,False
090192001643,Hartford Prekindergarten Magnet School: North Campus,2019-20,2019,161.0,False,False
090192001643,Hartford Prekindergarten Magnet School: North Campus,2020-21,2020,180.0,False,False
090192001643,Hartford Prekindergarten Magnet School: North Campus,2021-22,2021,189.0,False,False
090192001643,Hartford Prekindergarten Magnet School: North Campus,2022-23,2022,80.0,False,False
090192001643,Hartford Prekindergarten Magnet School: North Campus,2023-24,2023,119.0,False,False
090192001643,Hartford Prekindergarten Magnet School: North Campus,2024-25,2024,115.0,False,False
090192011231,Hartford Prekindergarten Magnet School: South Campus,1986-87,1986,,False,False
090192011231,Hartford Prekindergarten Magnet School: South Campus,1987-88,1987,,False,False
090192011231,Hartford Prekindergarten Magnet School: South Campus,1988-89,1988,,False,False
090192011231,Hartford Prekindergarten Magnet School: South Campus,1989-90,1989,,False,False
090192011231,Hartford Prekindergarten Magnet School: South Campus,1990-91,1990,,False,False
090192011231,Hartford Prekindergarten Magnet School: South Campus,1991-92,1991,,False,False
090192011231,Hartford Prekindergarten Magnet School: South Campus,1992-93,1992,,False,False
090192011231,Hartford Prekindergarten Magnet School: South Campus,1993-94,1993,,False,False
090192011231,Hartford Prekindergarten Magnet School: South Campus,1994-95,1994,,False,False
090192011231,Hartford Prekindergarten Magnet School: South Campus,1995-96,1995,,False,False
090192011231,Hartford Prekindergarten Magnet School: South Campus,1996-97,1996,,False,False
090192011231,Hartford Prekindergarten Magnet School: South Campus,1997-98,1997,,False,False
090192011231,Hartford Prekindergarten Magnet School: South Campus,1998-99,1998,,False,False
090192011231,Hartford Prekindergarten Magnet School: South Campus,1999-00,1999,,False,False
090192011231,Hartford Prekindergarten Magnet School: South Campus,2000-01,2000,,False,False
090192011231,Hartford Prekindergarten Magnet School: South Campus,2001-02,2001,,False,False
090192011231,Hartford Prekindergarten Magnet School: South Campus,2002-03,2002,,False,False
090192011231,Hartford Prekindergarten Magnet School: South Campus,2003-04,2003,,False,False
090192011231,Hartford Prekindergarten Magnet School: South Campus,2004-05,2004,,False,False
090192011231,Hartford Prekindergarten Magnet School: South Campus,2005-06,2005,,False,False
090192011231,Hartford Prekindergarten Magnet School: South Campus,2006-07,2006,,False,False
090192011231,Hartford Prekindergarten Magnet School: South Campus,2007-08,2007,,False,False
090192011231,Hartford Prekindergarten Magnet School: South Campus,2008-09,2008,,False,False
090192011231,Hartford Prekindergarten Magnet School: South Campus,2009-10,2009,,False,False
090192011231,Hartford Prekindergarten Magnet School: South Campus,2010-11,2010,,False,False
090192011231,Hartford Prekindergarten Magnet School: South Campus,2011-12,2011,,False,False
090192011231,Hartford Prekindergarten Magnet School: South Campus,2012-13,2012,,False,False
090192011231,Hartford Prekindergarten Magnet School: South Campus,2013-14,2013,,False,False
090192011231,Hartford Prekindergarten Magnet School: South Campus,2014-15,2014,,False,False
090192011231,Hartford Prekindergarten Magnet School: South Campus,2015-16,2015,,False,False
090192011231,Hartford Prekindergarten Magnet School: South Campus,2016-17,2016,,False,False
090192011231,Hartford Prekindergarten Magnet School: South Campus,2017-18,2017,,False,False
090192011231,Hartford Prekindergarten Magnet School: South Campus,2018-19,2018,,False,False
090192011231,Hartford Prekindergarten Magnet School: South Campus,2019-20,2019,,False,False
090192011231,Hartford Prekindergarten Magnet School: South Campus,2020-21,2020,,False,False
090192011231,Hartford Prekindergarten Magnet School: South Campus,2021-22,2021,,False,False
090192011231,Hartford Prekindergarten Magnet School: South Campus,2022-23,2022,114.0,False,False
090192011231,Hartford Prekindergarten Magnet School: South Campus,2023-24,2023,117.0,False,False
090192011231,Hartford Prekindergarten Magnet School: South Campus,2024-25,2024,112.0,False,False
090192000365,Hartford Public High School,1986-87,1986,1854.0,False,False
090192001925,Hartford Public High School,1986-87,1986,,False,False
090192000365,Hartford Public High School,1987-88,1987,1898.0,False,False
090192001925,Hartford Public High School,1987-88,1987,,False,False
090192000365,Hartford Public High School,1988-89,1988,1774.0,False,False
090192001925,Hartford Public High School,1988-89,1988,,False,False
090192000365,Hartford Public High School,1989-90,1989,1813.0,False,False
090192001925,Hartford Public High School,1989-90,1989,,False,False
090192000365,Hartford Public High School,1990-91,1990,1981.0,False,False
090192001925,Hartford Public High School,1990-91,1990,,False,False
090192000365,Hartford Public High School,1991-92,1991,2163.0,False,False
090192001925,Hartford Public High School,1991-92,1991,,False,False
090192000365,Hartford Public High School,1992-93,1992,2092.0,False,False
090192001925,Hartford Public High School,1992-93,1992,,False,False
090192000365,Hartford Public High School,1993-94,1993,1945.0,False,False
090192001925,Hartford Public High School,1993-94,1993,,False,False
090192000365,Hartford Public High School,1994-95,1994,2006.0,False,False
090192001925,Hartford Public High School,1994-95,1994,,False,False
090192000365,Hartford Public High School,1995-96,1995,1904.0,False,False
090192001925,Hartford Public High School,1995-96,1995,,False,False
090192000365,Hartford Public High School,1996-97,1996,1946.0,False,False
090192001925,Hartford Public High School,1996-97,1996,,False,False
090192000365,Hartford Public High School,1997-98,1997,1598.0,False,False
090192001925,Hartford Public High School,1997-98,1997,,False,False
090192000365,Hartford Public High School,1998-99,1998,1579.0,False,False
090192001925,Hartford Public High School,1998-99,1998,,False,False
090192000365,Hartford Public High School,1999-00,1999,1566.0,False,False
090192001925,Hartford Public High School,1999-00,1999,,False,False
090192000365,Hartford Public High School,2000-01,2000,1574.0,False,False
090192001925,Hartford Public High School,2000-01,2000,,False,False
090192000365,Hartford Public High School,2001-02,2001,1465.0,False,False
090192001925,Hartford Public High School,2001-02,2001,,False,False
090192000365,Hartford Public High School,2002-03,2002,1422.0,False,False
090192001925,Hartford Public High School,2002-03,2002,,False,False
090192000365,Hartford Public High School,2003-04,2003,1182.0,False,False
090192001925,Hartford Public High School,2003-04,2003,,False,False
090192000365,Hartford Public High School,2004-05,2004,1405.0,False,False
090192001925,Hartford Public High School,2004-05,2004,,False,False
090192000365,Hartford Public High School,2005-06,2005,1068.0,False,False
090192001925,Hartford Public High School,2005-06,2005,,False,False
090192000365,Hartford Public High School,2006-07,2006,1550.0,False,False
090192001925,Hartford Public High School,2006-07,2006,,False,False
090192000365,Hartford Public High School,2007-08,2007,1569.0,False,False
090192001925,Hartford Public High School,2007-08,2007,,False,False
090192000365,Hartford Public High School,2008-09,2008,1541.0,False,False
090192001925,Hartford Public High School,2008-09,2008,,False,False
090192000365,Hartford Public High School,2009-10,2009,,False,False
090192001925,Hartford Public High School,2009-10,2009,,False,False
090192000365,Hartford Public High School,2010-11,2010,,False,False
090192001925,Hartford Public High School,2010-11,2010,,False,False
090192000365,Hartford Public High School,2011-12,2011,,False,False
090192001925,Hartford Public High School,2011-12,2011,,False,False
090192000365,Hartford Public High School,2012-13,2012,,False,False
090192001925,Hartford Public High School,2012-13,2012,,False,False
090192000365,Hartford Public High School,2013-14,2013,,False,False
090192001925,Hartford Public High School,2013-14,2013,,False,False
090192000365,Hartford Public High School,2014-15,2014,,False,False
090192001925,Hartford Public High School,2014-15,2014,,False,False
090192000365,Hartford Public High School,2015-16,2015,,False,False
090192001925,Hartford Public High School,2015-16,2015,,False,False
090192000365,Hartford Public High School,2016-17,2016,,False,False
090192001925,Hartford Public High School,2016-17,2016,,False,False
090192000365,Hartford Public High School,2017-18,2017,,False,False
090192001925,Hartford Public High School,2017-18,2017,,False,False
090192000365,Hartford Public High School,2018-19,2018,,False,False
090192001925,Hartford Public High School,2018-19,2018,,False,False
090192000365,Hartford Public High School,2019-20,2019,,False,False
090192001925,Hartford Public High School,2019-20,2019,976.0,False,False
090192000365,Hartford Public High School,2020-21,2020,,False,False
090192001925,Hartford Public High School,2020-21,2020,844.0,False,False
090192000365,Hartford Public High School,2021-22,2021,,False,False
090192001925,Hartford Public High School,2021-22,2021,770.0,False,False
090192000365,Hartford Public High School,2022-23,2022,,False,False
090192001925,Hartford Public High School,2022-23,2022,709.0,False,False
090192000365,Hartford Public High School,2023-24,2023,,False,False
090192001925,Hartford Public High School,2023-24,2023,721.0,False,False
090192000365,Hartford Public High School,2024-25,2024,,False,False
090192001925,Hartford Public High School,2024-25,2024,698.0,False,False
090192000222,Hartford Transitional Learn,1986-87,1986,,False,False
090192001380,Hartford Transitional Learn,1986-87,1986,,False,False
090192000222,Hartford Transitional Learn,1987-88,1987,,False,False
090192001380,Hartford Transitional Learn,1987-88,1987,,False,False
090192000222,Hartford Transitional Learn,1988-89,1988,,False,False
090192001380,Hartford Transitional Learn,1988-89,1988,,False,False
090192000222,Hartford Transitional Learn,1989-90,1989,,False,False
090192001380,Hartford Transitional Learn,1989-90,1989,,False,False
090192000222,Hartford Transitional Learn,1990-91,1990,,False,False
090192001380,Hartford Transitional Learn,1990-91,1990,,False,False
090192000222,Hartford Transitional Learn,1991-92,1991,,False,False
090192001380,Hartford Transitional Learn,1991-92,1991,,False,False
090192000222,Hartford Transitional Learn,1992-93,1992,,False,False
090192001380,Hartford Transitional Learn,1992-93,1992,,False,False
090192000222,Hartford Transitional Learn,1993-94,1993,,False,False
090192001380,Hartford Transitional Learn,1993-94,1993,,False,False
090192000222,Hartford Transitional Learn,1994-95,1994,153.0,False,False
090192001380,Hartford Transitional Learn,1994-95,1994,,False,False
090192000222,Hartford Transitional Learn,1995-96,1995,179.0,True,False
090192001380,Hartford Transitional Learn,1995-96,1995,,False,False
090192000222,Hartford Transitional Learn,1996-97,1996,172.0,False,False
090192001380,Hartford Transitional Learn,1996-97,1996,,False,False
090192000222,Hartford Transitional Learn,1997-98,1997,211.0,False,False
090192001380,Hartford Transitional Learn,1997-98,1997,,False,False
090192000222,Hartford Transitional Learn,1998-99,1998,193.0,True,False
090192001380,Hartford Transitional Learn,1998-99,1998,,False,False
090192000222,Hartford Transitional Learn,1999-00,1999,193.0,True,False
090192001380,Hartford Transitional Learn,1999-00,1999,,False,False
090192000222,Hartford Transitional Learn,2000-01,2000,193.0,True,False
090192001380,Hartford Transitional Learn,2000-01,2000,,False,False
090192000222,Hartford Transitional Learn,2001-02,2001,193.0,True,False
090192001380,Hartford Transitional Learn,2001-02,2001,,False,False
090192000222,Hartford Transitional Learn,2002-03,2002,193.0,True,False
090192001380,Hartford Transitional Learn,2002-03,2002,,False,False
090192000222,Hartford Transitional Learn,2003-04,2003,193.0,True,False
090192001380,Hartford Transitional Learn,2003-04,2003,,False,False
090192000222,Hartford Transitional Learn,2004-05,2004,195.0,False,False
090192001380,Hartford Transitional Learn,2004-05,2004,60.0,False,False
090192000222,Hartford Transitional Learn,2005-06,2005,,False,False
090192001380,Hartford Transitional Learn,2005-06,2005,,False,False
090192000222,Hartford Transitional Learn,2006-07,2006,,False,False
090192001380,Hartford Transitional Learn,2006-07,2006,,False,False
090192000222,Hartford Transitional Learn,2007-08,2007,,False,False
090192001380,Hartford Transitional Learn,2007-08,2007,,False,False
090192000222,Hartford Transitional Learn,2008-09,2008,,False,False
090192001380,Hartford Transitional Learn,2008-09,2008,,False,False
090192000222,Hartford Transitional Learn,2009-10,2009,,False,False
090192001380,Hartford Transitional Learn,2009-10,2009,,False,False
090192000222,Hartford Transitional Learn,2010-11,2010,,False,False
090192001380,Hartford Transitional Learn,2010-11,2010,,False,False
090192000222,Hartford Transitional Learn,2011-12,2011,,False,False
090192001380,Hartford Transitional Learn,2011-12,2011,,False,False
090192000222,Hartford Transitional Learn,2012-13,2012,,False,False
090192001380,Hartford Transitional Learn,2012-13,2012,,False,False
090192000222,Hartford Transitional Learn,2013-14,2013,,False,False
090192001380,Hartford Transitional Learn,2013-14,2013,,False,False
090192000222,Hartford Transitional Learn,2014-15,2014,,False,False
090192001380,Hartford Transitional Learn,2014-15,2014,,False,False
090192000222,Hartford Transitional Learn,2015-16,2015,,False,False
090192001380,Hartford Transitional Learn,2015-16,2015,,False,False
090192000222,Hartford Transitional Learn,2016-17,2016,,False,False
090192001380,Hartford Transitional Learn,2016-17,2016,,False,False
090192000222,Hartford Transitional Learn,2017-18,2017,,False,False
090192001380,Hartford Transitional Learn,2017-18,2017,,False,False
090192000222,Hartford Transitional Learn,2018-19,2018,,False,False
090192001380,Hartford Transitional Learn,2018-19,2018,,False,False
090192000222,Hartford Transitional Learn,2019-20,2019,,False,False
090192001380,Hartford Transitional Learn,2019-20,2019,,False,False
090192000222,Hartford Transitional Learn,2020-21,2020,,False,False
090192001380,Hartford Transitional Learn,2020-21,2020,,False,False
090192000222,Hartford Transitional Learn,2021-22,2021,,False,False
090192001380,Hartford Transitional Learn,2021-22,2021,,False,False
090192000222,Hartford Transitional Learn,2022-23,2022,,False,False
090192001380,Hartford Transitional Learn,2022-23,2022,,False,False
090192000222,Hartford Transitional Learn,2023-24,2023,,False,False
090192001380,Hartford Transitional Learn,2023-24,2023,,False,False
090192000222,Hartford Transitional Learn,2024-25,2024,,False,False
090192001380,Hartford Transitional Learn,2024-25,2024,,False,False
090192001552,High School Inc.,1986-87,1986,,False,False
090192001552,High School Inc.,1987-88,1987,,False,False
090192001552,High School Inc.,1988-89,1988,,False,False
090192001552,High School Inc.,1989-90,1989,,False,False
090192001552,High School Inc.,1990-91,1990,,False,False
090192001552,High School Inc.,1991-92,1991,,False,False
090192001552,High School Inc.,1992-93,1992,,False,False
090192001552,High School Inc.,1993-94,1993,,False,False
090192001552,High School Inc.,1994-95,1994,,False,False
090192001552,High School Inc.,1995-96,1995,,False,False
090192001552,High School Inc.,1996-97,1996,,False,False
090192001552,High School Inc.,1997-98,1997,,False,False
090192001552,High School Inc.,1998-99,1998,,False,False
090192001552,High School Inc.,1999-00,1999,,False,False
090192001552,High School Inc.,2000-01,2000,,False,False
090192001552,High School Inc.,2001-02,2001,,False,False
090192001552,High School Inc.,2002-03,2002,,False,False
090192001552,High School Inc.,2003-04,2003,,False,False
090192001552,High School Inc.,2004-05,2004,,False,False
090192001552,High School Inc.,2005-06,2005,,False,False
090192001552,High School Inc.,2006-07,2006,,False,False
090192001552,High School Inc.,2007-08,2007,,False,False
090192001552,High School Inc.,2008-09,2008,,False,False
090192001552,High School Inc.,2009-10,2009,197.0,False,False
090192001552,High School Inc.,2010-11,2010,265.0,False,False
090192001552,High School Inc.,2011-12,2011,324.0,False,False
090192001552,High School Inc.,2012-13,2012,377.0,False,False
090192001552,High School Inc.,2013-14,2013,343.0,False,False
090192001552,High School Inc.,2014-15,2014,256.0,False,False
090192001552,High School Inc.,2015-16,2015,233.0,False,False
090192001552,High School Inc.,2016-17,2016,236.0,False,False
090192001552,High School Inc.,2017-18,2017,219.0,False,False
090192001552,High School Inc.,2018-19,2018,190.0,False,False
090192001552,High School Inc.,2019-20,2019,,False,False
090192001552,High School Inc.,2020-21,2020,,False,False
090192001552,High School Inc.,2021-22,2021,,False,False
090192001552,High School Inc.,2022-23,2022,,False,False
090192001552,High School Inc.,2023-24,2023,,False,False
090192001552,High School Inc.,2024-25,2024,,False,False
090192000516,Homebound,1986-87,1986,,False,False
090192000516,Homebound,1987-88,1987,,False,False
090192000516,Homebound,1988-89,1988,,False,False
090192000516,Homebound,1989-90,1989,,False,False
090192000516,Homebound,1990-91,1990,,False,False
090192000516,Homebound,1991-92,1991,,False,False
090192000516,Homebound,1992-93,1992,,False,False
090192000516,Homebound,1993-94,1993,,False,False
090192000516,Homebound,1994-95,1994,,False,False
090192000516,Homebound,1995-96,1995,,False,False
090192000516,Homebound,1996-97,1996,10.0,False,False
090192000516,Homebound,1997-98,1997,,False,False
090192000516,Homebound,1998-99,1998,,False,False
090192000516,Homebound,1999-00,1999,,False,False
090192000516,Homebound,2000-01,2000,,False,False
090192000516,Homebound,2001-02,2001,,False,False
090192000516,Homebound,2002-03,2002,,False,False
090192000516,Homebound,2003-04,2003,,False,False
090192000516,Homebound,2004-05,2004,,False,False
090192000516,Homebound,2005-06,2005,,False,False
090192000516,Homebound,2006-07,2006,,False,False
090192000516,Homebound,2007-08,2007,,False,False
090192000516,Homebound,2008-09,2008,,False,False
090192000516,Homebound,2009-10,2009,,False,False
090192000516,Homebound,2010-11,2010,,False,False
090192000516,Homebound,2011-12,2011,,False,False
090192000516,Homebound,2012-13,2012,,False,False
090192000516,Homebound,2013-14,2013,,False,False
090192000516,Homebound,2014-15,2014,,False,False
090192000516,Homebound,2015-16,2015,,False,False
090192000516,Homebound,2016-17,2016,,False,False
090192000516,Homebound,2017-18,2017,,False,False
090192000516,Homebound,2018-19,2018,,False,False
090192000516,Homebound,2019-20,2019,,False,False
090192000516,Homebound,2020-21,2020,,False,False
090192000516,Homebound,2021-22,2021,,False,False
090192000516,Homebound,2022-23,2022,,False,False
090192000516,Homebound,2023-24,2023,,False,False
090192000516,Homebound,2024-25,2024,,False,False
090192001574,Hphs Engineering And Green Technology Academy,1986-87,1986,,False,False
090192001574,Hphs Engineering And Green Technology Academy,1987-88,1987,,False,False
090192001574,Hphs Engineering And Green Technology Academy,1988-89,1988,,False,False
090192001574,Hphs Engineering And Green Technology Academy,1989-90,1989,,False,False
090192001574,Hphs Engineering And Green Technology Academy,1990-91,1990,,False,False
090192001574,Hphs Engineering And Green Technology Academy,1991-92,1991,,False,False
090192001574,Hphs Engineering And Green Technology Academy,1992-93,1992,,False,False
090192001574,Hphs Engineering And Green Technology Academy,1993-94,1993,,False,False
090192001574,Hphs Engineering And Green Technology Academy,1994-95,1994,,False,False
090192001574,Hphs Engineering And Green Technology Academy,1995-96,1995,,False,False
090192001574,Hphs Engineering And Green Technology Academy,1996-97,1996,,False,False
090192001574,Hphs Engineering And Green Technology Academy,1997-98,1997,,False,False
090192001574,Hphs Engineering And Green Technology Academy,1998-99,1998,,False,False
090192001574,Hphs Engineering And Green Technology Academy,1999-00,1999,,False,False
090192001574,Hphs Engineering And Green Technology Academy,2000-01,2000,,False,False
090192001574,Hphs Engineering And Green Technology Academy,2001-02,2001,,False,False
090192001574,Hphs Engineering And Green Technology Academy,2002-03,2002,,False,False
090192001574,Hphs Engineering And Green Technology Academy,2003-04,2003,,False,False
090192001574,Hphs Engineering And Green Technology Academy,2004-05,2004,,False,False
090192001574,Hphs Engineering And Green Technology Academy,2005-06,2005,,False,False
090192001574,Hphs Engineering And Green Technology Academy,2006-07,2006,,False,False
090192001574,Hphs Engineering And Green Technology Academy,2007-08,2007,,False,False
090192001574,Hphs Engineering And Green Technology Academy,2008-09,2008,,False,False
090192001574,Hphs Engineering And Green Technology Academy,2009-10,2009,378.0,False,False
090192001574,Hphs Engineering And Green Technology Academy,2010-11,2010,395.0,False,False
090192001574,Hphs Engineering And Green Technology Academy,2011-12,2011,433.0,False,False
090192001574,Hphs Engineering And Green Technology Academy,2012-13,2012,438.0,False,False
090192001574,Hphs Engineering And Green Technology Academy,2013-14,2013,414.0,False,False
090192001574,Hphs Engineering And Green Technology Academy,2014-15,2014,373.0,False,False
090192001574,Hphs Engineering And Green Technology Academy,2015-16,2015,304.0,False,False
090192001574,Hphs Engineering And Green Technology Academy,2016-17,2016,346.0,False,False
090192001574,Hphs Engineering And Green Technology Academy,2017-18,2017,344.0,False,False
090192001574,Hphs Engineering And Green Technology Academy,2018-19,2018,370.0,False,False
090192001574,Hphs Engineering And Green Technology Academy,2019-20,2019,,False,False
090192001574,Hphs Engineering And Green Technology Academy,2020-21,2020,,False,False
090192001574,Hphs Engineering And Green Technology Academy,2021-22,2021,,False,False
090192001574,Hphs Engineering And Green Technology Academy,2022-23,2022,,False,False
090192001574,Hphs Engineering And Green Technology Academy,2023-24,2023,,False,False
090192001574,Hphs Engineering And Green Technology Academy,2024-25,2024,,False,False
090192001575,Hphs Freshmen Academy,1986-87,1986,,False,False
090192001575,Hphs Freshmen Academy,1987-88,1987,,False,False
090192001575,Hphs Freshmen Academy,1988-89,1988,,False,False
090192001575,Hphs Freshmen Academy,1989-90,1989,,False,False
090192001575,Hphs Freshmen Academy,1990-91,1990,,False,False
090192001575,Hphs Freshmen Academy,1991-92,1991,,False,False
090192001575,Hphs Freshmen Academy,1992-93,1992,,False,False
090192001575,Hphs Freshmen Academy,1993-94,1993,,False,False
090192001575,Hphs Freshmen Academy,1994-95,1994,,False,False
090192001575,Hphs Freshmen Academy,1995-96,1995,,False,False
090192001575,Hphs Freshmen Academy,1996-97,1996,,False,False
090192001575,Hphs Freshmen Academy,1997-98,1997,,False,False
090192001575,Hphs Freshmen Academy,1998-99,1998,,False,False
090192001575,Hphs Freshmen Academy,1999-00,1999,,False,False
090192001575,Hphs Freshmen Academy,2000-01,2000,,False,False
090192001575,Hphs Freshmen Academy,2001-02,2001,,False,False
090192001575,Hphs Freshmen Academy,2002-03,2002,,False,False
090192001575,Hphs Freshmen Academy,2003-04,2003,,False,False
090192001575,Hphs Freshmen Academy,2004-05,2004,,False,False
090192001575,Hphs Freshmen Academy,2005-06,2005,,False,False
090192001575,Hphs Freshmen Academy,2006-07,2006,,False,False
090192001575,Hphs Freshmen Academy,2007-08,2007,,False,False
090192001575,Hphs Freshmen Academy,2008-09,2008,,False,False
090192001575,Hphs Freshmen Academy,2009-10,2009,373.0,False,False
090192001575,Hphs Freshmen Academy,2010-11,2010,320.0,False,False
090192001575,Hphs Freshmen Academy,2011-12,2011,221.0,False,False
090192001575,Hphs Freshmen Academy,2012-13,2012,,False,False
090192001575,Hphs Freshmen Academy,2013-14,2013,,False,False
090192001575,Hphs Freshmen Academy,2014-15,2014,,False,False
090192001575,Hphs Freshmen Academy,2015-16,2015,,False,False
090192001575,Hphs Freshmen Academy,2016-17,2016,,False,False
090192001575,Hphs Freshmen Academy,2017-18,2017,,False,False
090192001575,Hphs Freshmen Academy,2018-19,2018,,False,False
090192001575,Hphs Freshmen Academy,2019-20,2019,,False,False
090192001575,Hphs Freshmen Academy,2020-21,2020,,False,False
090192001575,Hphs Freshmen Academy,2021-22,2021,,False,False
090192001575,Hphs Freshmen Academy,2022-23,2022,,False,False
090192001575,Hphs Freshmen Academy,2023-24,2023,,False,False
090192001575,Hphs Freshmen Academy,2024-25,2024,,False,False
090192001576,Hphs Law And Government Academy,1986-87,1986,,False,False
090192001576,Hphs Law And Government Academy,1987-88,1987,,False,False
090192001576,Hphs Law And Government Academy,1988-89,1988,,False,False
090192001576,Hphs Law And Government Academy,1989-90,1989,,False,False
090192001576,Hphs Law And Government Academy,1990-91,1990,,False,False
090192001576,Hphs Law And Government Academy,1991-92,1991,,False,False
090192001576,Hphs Law And Government Academy,1992-93,1992,,False,False
090192001576,Hphs Law And Government Academy,1993-94,1993,,False,False
090192001576,Hphs Law And Government Academy,1994-95,1994,,False,False
090192001576,Hphs Law And Government Academy,1995-96,1995,,False,False
090192001576,Hphs Law And Government Academy,1996-97,1996,,False,False
090192001576,Hphs Law And Government Academy,1997-98,1997,,False,False
090192001576,Hphs Law And Government Academy,1998-99,1998,,False,False
090192001576,Hphs Law And Government Academy,1999-00,1999,,False,False
090192001576,Hphs Law And Government Academy,2000-01,2000,,False,False
090192001576,Hphs Law And Government Academy,2001-02,2001,,False,False
090192001576,Hphs Law And Government Academy,2002-03,2002,,False,False
090192001576,Hphs Law And Government Academy,2003-04,2003,,False,False
090192001576,Hphs Law And Government Academy,2004-05,2004,,False,False
090192001576,Hphs Law And Government Academy,2005-06,2005,,False,False
090192001576,Hphs Law And Government Academy,2006-07,2006,,False,False
090192001576,Hphs Law And Government Academy,2007-08,2007,,False,False
090192001576,Hphs Law And Government Academy,2008-09,2008,,False,False
090192001576,Hphs Law And Government Academy,2009-10,2009,371.0,False,False
090192001576,Hphs Law And Government Academy,2010-11,2010,386.0,False,False
090192001576,Hphs Law And Government Academy,2011-12,2011,397.0,False,False
090192001576,Hphs Law And Government Academy,2012-13,2012,533.0,False,False
090192001576,Hphs Law And Government Academy,2013-14,2013,481.0,False,False
090192001576,Hphs Law And Government Academy,2014-15,2014,388.0,False,False
090192001576,Hphs Law And Government Academy,2015-16,2015,367.0,False,False
090192001576,Hphs Law And Government Academy,2016-17,2016,314.0,False,False
090192001576,Hphs Law And Government Academy,2017-18,2017,360.0,False,False
090192001576,Hphs Law And Government Academy,2018-19,2018,324.0,False,False
090192001576,Hphs Law And Government Academy,2019-20,2019,,False,False
090192001576,Hphs Law And Government Academy,2020-21,2020,,False,False
090192001576,Hphs Law And Government Academy,2021-22,2021,,False,False
090192001576,Hphs Law And Government Academy,2022-23,2022,,False,False
090192001576,Hphs Law And Government Academy,2023-24,2023,,False,False
090192001576,Hphs Law And Government Academy,2024-25,2024,,False,False
090192001559,Hphs Nursing And Health Sciences Academy,1986-87,1986,,False,False
090192001559,Hphs Nursing And Health Sciences Academy,1987-88,1987,,False,False
090192001559,Hphs Nursing And Health Sciences Academy,1988-89,1988,,False,False
090192001559,Hphs Nursing And Health Sciences Academy,1989-90,1989,,False,False
090192001559,Hphs Nursing And Health Sciences Academy,1990-91,1990,,False,False
090192001559,Hphs Nursing And Health Sciences Academy,1991-92,1991,,False,False
090192001559,Hphs Nursing And Health Sciences Academy,1992-93,1992,,False,False
090192001559,Hphs Nursing And Health Sciences Academy,1993-94,1993,,False,False
090192001559,Hphs Nursing And Health Sciences Academy,1994-95,1994,,False,False
090192001559,Hphs Nursing And Health Sciences Academy,1995-96,1995,,False,False
090192001559,Hphs Nursing And Health Sciences Academy,1996-97,1996,,False,False
090192001559,Hphs Nursing And Health Sciences Academy,1997-98,1997,,False,False
090192001559,Hphs Nursing And Health Sciences Academy,1998-99,1998,,False,False
090192001559,Hphs Nursing And Health Sciences Academy,1999-00,1999,,False,False
090192001559,Hphs Nursing And Health Sciences Academy,2000-01,2000,,False,False
090192001559,Hphs Nursing And Health Sciences Academy,2001-02,2001,,False,False
090192001559,Hphs Nursing And Health Sciences Academy,2002-03,2002,,False,False
090192001559,Hphs Nursing And Health Sciences Academy,2003-04,2003,,False,False
090192001559,Hphs Nursing And Health Sciences Academy,2004-05,2004,,False,False
090192001559,Hphs Nursing And Health Sciences Academy,2005-06,2005,,False,False
090192001559,Hphs Nursing And Health Sciences Academy,2006-07,2006,,False,False
090192001559,Hphs Nursing And Health Sciences Academy,2007-08,2007,,False,False
090192001559,Hphs Nursing And Health Sciences Academy,2008-09,2008,,False,False
090192001559,Hphs Nursing And Health Sciences Academy,2009-10,2009,394.0,False,False
090192001559,Hphs Nursing And Health Sciences Academy,2010-11,2010,387.0,False,False
090192001559,Hphs Nursing And Health Sciences Academy,2011-12,2011,378.0,False,False
090192001559,Hphs Nursing And Health Sciences Academy,2012-13,2012,489.0,False,False
090192001559,Hphs Nursing And Health Sciences Academy,2013-14,2013,458.0,False,False
090192001559,Hphs Nursing And Health Sciences Academy,2014-15,2014,394.0,False,False
090192001559,Hphs Nursing And Health Sciences Academy,2015-16,2015,362.0,False,False
090192001559,Hphs Nursing And Health Sciences Academy,2016-17,2016,383.0,False,False
090192001559,Hphs Nursing And Health Sciences Academy,2017-18,2017,371.0,False,False
090192001559,Hphs Nursing And Health Sciences Academy,2018-19,2018,344.0,False,False
090192001559,Hphs Nursing And Health Sciences Academy,2019-20,2019,,False,False
090192001559,Hphs Nursing And Health Sciences Academy,2020-21,2020,,False,False
090192001559,Hphs Nursing And Health Sciences Academy,2021-22,2021,,False,False
090192001559,Hphs Nursing And Health Sciences Academy,2022-23,2022,,False,False
090192001559,Hphs Nursing And Health Sciences Academy,2023-24,2023,,False,False
090192001559,Hphs Nursing And Health Sciences Academy,2024-25,2024,,False,False
090192001562,Journalism And Media Academy,1986-87,1986,,False,False
090192001562,Journalism And Media Academy,1987-88,1987,,False,False
090192001562,Journalism And Media Academy,1988-89,1988,,False,False
090192001562,Journalism And Media Academy,1989-90,1989,,False,False
090192001562,Journalism And Media Academy,1990-91,1990,,False,False
090192001562,Journalism And Media Academy,1991-92,1991,,False,False
090192001562,Journalism And Media Academy,1992-93,1992,,False,False
090192001562,Journalism And Media Academy,1993-94,1993,,False,False
090192001562,Journalism And Media Academy,1994-95,1994,,False,False
090192001562,Journalism And Media Academy,1995-96,1995,,False,False
090192001562,Journalism And Media Academy,1996-97,1996,,False,False
090192001562,Journalism And Media Academy,1997-98,1997,,False,False
090192001562,Journalism And Media Academy,1998-99,1998,,False,False
090192001562,Journalism And Media Academy,1999-00,1999,,False,False
090192001562,Journalism And Media Academy,2000-01,2000,,False,False
090192001562,Journalism And Media Academy,2001-02,2001,,False,False
090192001562,Journalism And Media Academy,2002-03,2002,,False,False
090192001562,Journalism And Media Academy,2003-04,2003,,False,False
090192001562,Journalism And Media Academy,2004-05,2004,,False,False
090192001562,Journalism And Media Academy,2005-06,2005,,False,False
090192001562,Journalism And Media Academy,2006-07,2006,,False,False
090192001562,Journalism And Media Academy,2007-08,2007,,False,False
090192001562,Journalism And Media Academy,2008-09,2008,,False,False
090192001562,Journalism And Media Academy,2009-10,2009,166.0,False,False
090192001562,Journalism And Media Academy,2010-11,2010,232.0,False,False
090192001562,Journalism And Media Academy,2011-12,2011,317.0,False,False
090192001562,Journalism And Media Academy,2012-13,2012,195.0,False,False
090192001562,Journalism And Media Academy,2013-14,2013,201.0,False,False
090192001562,Journalism And Media Academy,2014-15,2014,190.0,False,False
090192001562,Journalism And Media Academy,2015-16,2015,207.0,False,False
090192001562,Journalism And Media Academy,2016-17,2016,190.0,False,False
090192001562,Journalism And Media Academy,2017-18,2017,211.0,False,False
090192001562,Journalism And Media Academy,2018-19,2018,170.0,False,False
090192001562,Journalism And Media Academy,2019-20,2019,,False,False
090192001562,Journalism And Media Academy,2020-21,2020,,False,False
090192001562,Journalism And Media Academy,2021-22,2021,,False,False
090192001562,Journalism And Media Academy,2022-23,2022,,False,False
090192001562,Journalism And Media Academy,2023-24,2023,,False,False
090192001562,Journalism And Media Academy,2024-25,2024,,False,False
090192000368,Kennelly School,1986-87,1986,578.0,False,True
090192000368,Kennelly School,1987-88,1987,604.0,False,True
090192000368,Kennelly School,1988-89,1988,617.0,False,True
090192000368,Kennelly School,1989-90,1989,632.0,False,True
090192000368,Kennelly School,1990-91,1990,609.0,False,True
090192000368,Kennelly School,1991-92,1991,671.0,False,True
090192000368,Kennelly School,1992-93,1992,658.0,False,True
090192000368,Kennelly School,1993-94,1993,723.0,False,True
090192000368,Kennelly School,1994-95,1994,751.0,False,True
090192000368,Kennelly School,1995-96,1995,824.0,False,True
090192000368,Kennelly School,1996-97,1996,832.0,False,True
090192000368,Kennelly School,1997-98,1997,887.0,False,True
090192000368,Kennelly School,1998-99,1998,911.0,False,True
090192000368,Kennelly School,1999-00,1999,886.0,False,True
090192000368,Kennelly School,2000-01,2000,944.0,False,True
090192000368,Kennelly School,2001-02,2001,996.0,False,True
090192000368,Kennelly School,2002-03,2002,867.0,False,True
090192000368,Kennelly School,2003-04,2003,773.0,False,True
090192000368,Kennelly School,2004-05,2004,817.0,False,True
090192000368,Kennelly School,2005-06,2005,821.0,False,True
090192000368,Kennelly School,2006-07,2006,830.0,False,True
090192000368,Kennelly School,2007-08,2007,809.0,False,True
090192000368,Kennelly School,2008-09,2008,799.0,False,True
090192000368,Kennelly School,2009-10,2009,795.0,False,True
090192000368,Kennelly School,2010-11,2010,783.0,False,True
090192000368,Kennelly School,2011-12,2011,799.0,False,True
090192000368,Kennelly School,2012-13,2012,703.0,False,True
090192000368,Kennelly School,2013-14,2013,658.0,False,True
090192000368,Kennelly School,2014-15,2014,621.0,False,True
090192000368,Kennelly School,2015-16,2015,571.0,False,True
090192000368,Kennelly School,2016-17,2016,558.0,False,True
090192000368,Kennelly School,2017-18,2017,534.0,False,True
090192000368,Kennelly School,2018-19,2018,626.0,False,True
090192000368,Kennelly School,2019-20,2019,644.0,False,True
090192000368,Kennelly School,2020-21,2020,605.0,False,True
090192000368,Kennelly School,2021-22,2021,579.0,False,True
090192000368,Kennelly School,2022-23,2022,598.0,False,True
090192000368,Kennelly School,2023-24,2023,650.0,False,True
090192000368,Kennelly School,2024-25,2024,628.0,False,True
090192011232,Kinsella Magnet School Of Performing Arts: High School Campu,1986-87,1986,,False,False
090192011232,Kinsella Magnet School Of Performing Arts: High School Campu,1987-88,1987,,False,False
090192011232,Kinsella Magnet School Of Performing Arts: High School Campu,1988-89,1988,,False,False
090192011232,Kinsella Magnet School Of Performing Arts: High School Campu,1989-90,1989,,False,False
090192011232,Kinsella Magnet School Of Performing Arts: High School Campu,1990-91,1990,,False,False
090192011232,Kinsella Magnet School Of Performing Arts: High School Campu,1991-92,1991,,False,False
090192011232,Kinsella Magnet School Of Performing Arts: High School Campu,1992-93,1992,,False,False
090192011232,Kinsella Magnet School Of Performing Arts: High School Campu,1993-94,1993,,False,False
090192011232,Kinsella Magnet School Of Performing Arts: High School Campu,1994-95,1994,,False,False
090192011232,Kinsella Magnet School Of Performing Arts: High School Campu,1995-96,1995,,False,False
090192011232,Kinsella Magnet School Of Performing Arts: High School Campu,1996-97,1996,,False,False
090192011232,Kinsella Magnet School Of Performing Arts: High School Campu,1997-98,1997,,False,False
090192011232,Kinsella Magnet School Of Performing Arts: High School Campu,1998-99,1998,,False,False
090192011232,Kinsella Magnet School Of Performing Arts: High School Campu,1999-00,1999,,False,False
090192011232,Kinsella Magnet School Of Performing Arts: High School Campu,2000-01,2000,,False,False
090192011232,Kinsella Magnet School Of Performing Arts: High School Campu,2001-02,2001,,False,False
090192011232,Kinsella Magnet School Of Performing Arts: High School Campu,2002-03,2002,,False,False
090192011232,Kinsella Magnet School Of Performing Arts: High School Campu,2003-04,2003,,False,False
090192011232,Kinsella Magnet School Of Performing Arts: High School Campu,2004-05,2004,,False,False
090192011232,Kinsella Magnet School Of Performing Arts: High School Campu,2005-06,2005,,False,False
090192011232,Kinsella Magnet School Of Performing Arts: High School Campu,2006-07,2006,,False,False
090192011232,Kinsella Magnet School Of Performing Arts: High School Campu,2007-08,2007,,False,False
090192011232,Kinsella Magnet School Of Performing Arts: High School Campu,2008-09,2008,,False,False
090192011232,Kinsella Magnet School Of Performing Arts: High School Campu,2009-10,2009,,False,False
090192011232,Kinsella Magnet School Of Performing Arts: High School Campu,2010-11,2010,,False,False
090192011232,Kinsella Magnet School Of Performing Arts: High School Campu,2011-12,2011,,False,False
090192011232,Kinsella Magnet School Of Performing Arts: High School Campu,2012-13,2012,,False,False
090192011232,Kinsella Magnet School Of Performing Arts: High School Campu,2013-14,2013,,False,False
090192011232,Kinsella Magnet School Of Performing Arts: High School Campu,2014-15,2014,,False,False
090192011232,Kinsella Magnet School Of Performing Arts: High School Campu,2015-16,2015,,False,False
090192011232,Kinsella Magnet School Of Performing Arts: High School Campu,2016-17,2016,,False,False
090192011232,Kinsella Magnet School Of Performing Arts: High School Campu,2017-18,2017,,False,False
090192011232,Kinsella Magnet School Of Performing Arts: High School Campu,2018-19,2018,,False,False
090192011232,Kinsella Magnet School Of Performing Arts: High School Campu,2019-20,2019,,False,False
090192011232,Kinsella Magnet School Of Performing Arts: High School Campu,2020-21,2020,,False,False
090192011232,Kinsella Magnet School Of Performing Arts: High School Campu,2021-22,2021,,False,False
090192011232,Kinsella Magnet School Of Performing Arts: High School Campu,2022-23,2022,140.0,False,False
090192011232,Kinsella Magnet School Of Performing Arts: High School Campu,2023-24,2023,118.0,False,False
090192011232,Kinsella Magnet School Of Performing Arts: High School Campu,2024-25,2024,110.0,False,False
090192000370,Kinsella Magnet School Of Performing Arts: Pk-8 Campus,1986-87,1986,650.0,False,True
090192000370,Kinsella Magnet School Of Performing Arts: Pk-8 Campus,1987-88,1987,638.0,False,True
090192000370,Kinsella Magnet School Of Performing Arts: Pk-8 Campus,1988-89,1988,687.0,False,True
090192000370,Kinsella Magnet School Of Performing Arts: Pk-8 Campus,1989-90,1989,624.0,False,True
090192000370,Kinsella Magnet School Of Performing Arts: Pk-8 Campus,1990-91,1990,715.0,False,True
090192000370,Kinsella Magnet School Of Performing Arts: Pk-8 Campus,1991-92,1991,708.0,False,True
090192000370,Kinsella Magnet School Of Performing Arts: Pk-8 Campus,1992-93,1992,658.0,False,True
090192000370,Kinsella Magnet School Of Performing Arts: Pk-8 Campus,1993-94,1993,681.0,False,True
090192000370,Kinsella Magnet School Of Performing Arts: Pk-8 Campus,1994-95,1994,567.0,False,True
090192000370,Kinsella Magnet School Of Performing Arts: Pk-8 Campus,1995-96,1995,549.0,False,True
090192000370,Kinsella Magnet School Of Performing Arts: Pk-8 Campus,1996-97,1996,582.0,False,True
090192000370,Kinsella Magnet School Of Performing Arts: Pk-8 Campus,1997-98,1997,508.0,False,True
090192000370,Kinsella Magnet School Of Performing Arts: Pk-8 Campus,1998-99,1998,537.0,False,True
090192000370,Kinsella Magnet School Of Performing Arts: Pk-8 Campus,1999-00,1999,511.0,False,True
090192000370,Kinsella Magnet School Of Performing Arts: Pk-8 Campus,2000-01,2000,506.0,False,True
090192000370,Kinsella Magnet School Of Performing Arts: Pk-8 Campus,2001-02,2001,463.0,False,True
090192000370,Kinsella Magnet School Of Performing Arts: Pk-8 Campus,2002-03,2002,487.0,False,True
090192000370,Kinsella Magnet School Of Performing Arts: Pk-8 Campus,2003-04,2003,446.0,False,True
090192000370,Kinsella Magnet School Of Performing Arts: Pk-8 Campus,2004-05,2004,384.0,False,True
090192000370,Kinsella Magnet School Of Performing Arts: Pk-8 Campus,2005-06,2005,425.0,False,True
090192000370,Kinsella Magnet School Of Performing Arts: Pk-8 Campus,2006-07,2006,489.0,False,True
090192000370,Kinsella Magnet School Of Performing Arts: Pk-8 Campus,2007-08,2007,517.0,False,True
090192000370,Kinsella Magnet School Of Performing Arts: Pk-8 Campus,2008-09,2008,569.0,False,True
090192000370,Kinsella Magnet School Of Performing Arts: Pk-8 Campus,2009-10,2009,618.0,False,True
090192000370,Kinsella Magnet School Of Performing Arts: Pk-8 Campus,2010-11,2010,663.0,False,True
090192000370,Kinsella Magnet School Of Performing Arts: Pk-8 Campus,2011-12,2011,690.0,False,True
090192000370,Kinsella Magnet School Of Performing Arts: Pk-8 Campus,2012-13,2012,760.0,False,True
090192000370,Kinsella Magnet School Of Performing Arts: Pk-8 Campus,2013-14,2013,819.0,False,True
090192000370,Kinsella Magnet School Of Performing Arts: Pk-8 Campus,2014-15,2014,884.0,False,True
090192000370,Kinsella Magnet School Of Performing Arts: Pk-8 Campus,2015-16,2015,910.0,False,True
090192000370,Kinsella Magnet School Of Performing Arts: Pk-8 Campus,2016-17,2016,913.0,False,True
090192000370,Kinsella Magnet School Of Performing Arts: Pk-8 Campus,2017-18,2017,884.0,False,True
090192000370,Kinsella Magnet School Of Performing Arts: Pk-8 Campus,2018-19,2018,833.0,False,True
090192000370,Kinsella Magnet School Of Performing Arts: Pk-8 Campus,2019-20,2019,711.0,False,True
090192000370,Kinsella Magnet School Of Performing Arts: Pk-8 Campus,2020-21,2020,712.0,False,True
090192000370,Kinsella Magnet School Of Performing Arts: Pk-8 Campus,2021-22,2021,652.0,False,True
090192000370,Kinsella Magnet School Of Performing Arts: Pk-8 Campus,2022-23,2022,465.0,False,True
090192000370,Kinsella Magnet School Of Performing Arts: Pk-8 Campus,2023-24,2023,436.0,False,True
090192000370,Kinsella Magnet School Of Performing Arts: Pk-8 Campus,2024-25,2024,435.0,False,True
090192000997,Little Owls Learning Center,1986-87,1986,,False,False
090192000997,Little Owls Learning Center,1987-88,1987,,False,False
090192000997,Little Owls Learning Center,1988-89,1988,,False,False
090192000997,Little Owls Learning Center,1989-90,1989,,False,False
090192000997,Little Owls Learning Center,1990-91,1990,,False,False
090192000997,Little Owls Learning Center,1991-92,1991,,False,False
090192000997,Little Owls Learning Center,1992-93,1992,,False,False
090192000997,Little Owls Learning Center,1993-94,1993,,False,False
090192000997,Little Owls Learning Center,1994-95,1994,,False,False
090192000997,Little Owls Learning Center,1995-96,1995,,False,False
090192000997,Little Owls Learning Center,1996-97,1996,,False,False
090192000997,Little Owls Learning Center,1997-98,1997,,False,False
090192000997,Little Owls Learning Center,1998-99,1998,,False,False
090192000997,Little Owls Learning Center,1999-00,1999,23.0,False,False
090192000997,Little Owls Learning Center,2000-01,2000,16.0,False,False
090192000997,Little Owls Learning Center,2001-02,2001,12.0,False,False
090192000997,Little Owls Learning Center,2002-03,2002,7.0,False,False
090192000997,Little Owls Learning Center,2003-04,2003,9.0,False,False
090192000997,Little Owls Learning Center,2004-05,2004,8.0,True,False
090192000997,Little Owls Learning Center,2005-06,2005,8.0,True,False
090192000997,Little Owls Learning Center,2006-07,2006,6.0,False,False
090192000997,Little Owls Learning Center,2007-08,2007,12.0,False,False
090192000997,Little Owls Learning Center,2008-09,2008,17.0,False,False
090192000997,Little Owls Learning Center,2009-10,2009,,False,False
090192000997,Little Owls Learning Center,2010-11,2010,,False,False
090192000997,Little Owls Learning Center,2011-12,2011,,False,False
090192000997,Little Owls Learning Center,2012-13,2012,,False,False
090192000997,Little Owls Learning Center,2013-14,2013,,False,False
090192000997,Little Owls Learning Center,2014-15,2014,,False,False
090192000997,Little Owls Learning Center,2015-16,2015,,False,False
090192000997,Little Owls Learning Center,2016-17,2016,,False,False
090192000997,Little Owls Learning Center,2017-18,2017,,False,False
090192000997,Little Owls Learning Center,2018-19,2018,,False,False
090192000997,Little Owls Learning Center,2019-20,2019,,False,False
090192000997,Little Owls Learning Center,2020-21,2020,,False,False
090192000997,Little Owls Learning Center,2021-22,2021,,False,False
090192000997,Little Owls Learning Center,2022-23,2022,,False,False
090192000997,Little Owls Learning Center,2023-24,2023,,False,False
090192000997,Little Owls Learning Center,2024-25,2024,,False,False
090192000364,M. D. Fox School,1986-87,1986,1211.0,False,True
090192000364,M. D. Fox School,1987-88,1987,1235.0,False,True
090192000364,M. D. Fox School,1988-89,1988,1231.0,False,True
090192000364,M. D. Fox School,1989-90,1989,1251.0,False,True
090192000364,M. D. Fox School,1990-91,1990,1370.0,False,True
090192000364,M. D. Fox School,1991-92,1991,1017.0,False,True
090192000364,M. D. Fox School,1992-93,1992,1059.0,False,True
090192000364,M. D. Fox School,1993-94,1993,1184.0,False,True
090192000364,M. D. Fox School,1994-95,1994,1139.0,False,True
090192000364,M. D. Fox School,1995-96,1995,1138.0,False,True
090192000364,M. D. Fox School,1996-97,1996,974.0,False,True
090192000364,M. D. Fox School,1997-98,1997,966.0,False,True
090192000364,M. D. Fox School,1998-99,1998,1024.0,False,True
090192000364,M. D. Fox School,1999-00,1999,1018.0,False,True
090192000364,M. D. Fox School,2000-01,2000,1010.0,False,True
090192000364,M. D. Fox School,2001-02,2001,1069.0,False,True
090192000364,M. D. Fox School,2002-03,2002,1010.0,False,True
090192000364,M. D. Fox School,2003-04,2003,893.0,False,True
090192000364,M. D. Fox School,2004-05,2004,866.0,False,True
090192000364,M. D. Fox School,2005-06,2005,925.0,False,True
090192000364,M. D. Fox School,2006-07,2006,830.0,False,True
090192000364,M. D. Fox School,2007-08,2007,824.0,False,True
090192000364,M. D. Fox School,2008-09,2008,783.0,False,True
090192000364,M. D. Fox School,2009-10,2009,801.0,False,True
090192000364,M. D. Fox School,2010-11,2010,848.0,False,True
090192000364,M. D. Fox School,2011-12,2011,688.0,True,True
090192000364,M. D. Fox School,2012-13,2012,533.0,False,True
090192000364,M. D. Fox School,2013-14,2013,569.0,False,True
090192000364,M. D. Fox School,2014-15,2014,602.0,False,True
090192000364,M. D. Fox School,2015-16,2015,621.0,False,True
090192000364,M. D. Fox School,2016-17,2016,647.0,False,True
090192000364,M. D. Fox School,2017-18,2017,610.0,False,True
090192000364,M. D. Fox School,2018-19,2018,592.0,False,True
090192000364,M. D. Fox School,2019-20,2019,583.0,False,True
090192000364,M. D. Fox School,2020-21,2020,525.0,False,True
090192000364,M. D. Fox School,2021-22,2021,504.0,False,True
090192000364,M. D. Fox School,2022-23,2022,493.0,False,True
090192000364,M. D. Fox School,2023-24,2023,531.0,False,True
090192000364,M. D. Fox School,2024-25,2024,562.0,False,True
090192000369,M. L. King Jr. Middle School,1986-87,1986,1126.0,False,True
090192000369,M. L. King Jr. Middle School,1987-88,1987,1159.0,False,True
090192000369,M. L. King Jr. Middle School,1988-89,1988,1115.0,False,True
090192000369,M. L. King Jr. Middle School,1989-90,1989,1140.0,False,True
090192000369,M. L. King Jr. Middle School,1990-91,1990,1137.0,False,True
090192000369,M. L. King Jr. Middle School,1991-92,1991,1082.0,False,True
090192000369,M. L. King Jr. Middle School,1992-93,1992,1060.0,False,True
090192000369,M. L. King Jr. Middle School,1993-94,1993,919.0,False,True
090192000369,M. L. King Jr. Middle School,1994-95,1994,822.0,False,True
090192000369,M. L. King Jr. Middle School,1995-96,1995,800.0,False,True
090192000369,M. L. King Jr. Middle School,1996-97,1996,791.0,False,True
090192000369,M. L. King Jr. Middle School,1997-98,1997,758.0,False,True
090192000369,M. L. King Jr. Middle School,1998-99,1998,663.0,False,True
090192000369,M. L. King Jr. Middle School,1999-00,1999,781.0,False,True
090192000369,M. L. King Jr. Middle School,2000-01,2000,759.0,False,True
090192000369,M. L. King Jr. Middle School,2001-02,2001,732.0,False,True
090192000369,M. L. King Jr. Middle School,2002-03,2002,755.0,False,True
090192000369,M. L. King Jr. Middle School,2003-04,2003,771.0,False,True
090192000369,M. L. King Jr. Middle School,2004-05,2004,729.0,False,True
090192000369,M. L. King Jr. Middle School,2005-06,2005,792.0,False,True
090192000369,M. L. King Jr. Middle School,2006-07,2006,665.0,False,True
090192000369,M. L. King Jr. Middle School,2007-08,2007,600.0,False,True
090192000369,M. L. King Jr. Middle School,2008-09,2008,522.0,False,True
090192000369,M. L. King Jr. Middle School,2009-10,2009,513.0,False,True
090192000369,M. L. King Jr. Middle School,2010-11,2010,469.0,False,True
090192000369,M. L. King Jr. Middle School,2011-12,2011,407.0,False,True
090192000369,M. L. King Jr. Middle School,2012-13,2012,383.0,False,True
090192000369,M. L. King Jr. Middle School,2013-14,2013,316.0,False,True
090192000369,M. L. King Jr. Middle School,2014-15,2014,329.0,False,True
090192000369,M. L. King Jr. Middle School,2015-16,2015,356.0,False,True
090192000369,M. L. King Jr. Middle School,2016-17,2016,294.0,False,True
090192000369,M. L. King Jr. Middle School,2017-18,2017,236.0,False,True
090192000369,M. L. King Jr. Middle School,2018-19,2018,182.0,False,True
090192000369,M. L. King Jr. Middle School,2019-20,2019,169.0,False,True
090192000369,M. L. King Jr. Middle School,2020-21,2020,274.0,False,True
090192000369,M. L. King Jr. Middle School,2021-22,2021,215.0,False,True
090192000369,M. L. King Jr. Middle School,2022-23,2022,203.0,False,True
090192000369,M. L. King Jr. Middle School,2023-24,2023,187.0,False,True
090192000369,M. L. King Jr. Middle School,2024-25,2024,184.0,False,True
090192000371,Mcdonough Middle School,1986-87,1986,648.0,False,True
090192000371,Mcdonough Middle School,1987-88,1987,686.0,False,True
090192000371,Mcdonough Middle School,1988-89,1988,768.0,False,True
090192000371,Mcdonough Middle School,1989-90,1989,795.0,False,True
090192000371,Mcdonough Middle School,1990-91,1990,852.0,False,True
090192000371,Mcdonough Middle School,1991-92,1991,869.0,False,True
090192000371,Mcdonough Middle School,1992-93,1992,831.0,False,True
090192000371,Mcdonough Middle School,1993-94,1993,781.0,False,True
090192000371,Mcdonough Middle School,1994-95,1994,769.0,False,True
090192000371,Mcdonough Middle School,1995-96,1995,795.0,False,True
090192000371,Mcdonough Middle School,1996-97,1996,818.0,False,True
090192000371,Mcdonough Middle School,1997-98,1997,594.0,True,True
090192000371,Mcdonough Middle School,1998-99,1998,594.0,True,True
090192000371,Mcdonough Middle School,1999-00,1999,371.0,False,True
090192000371,Mcdonough Middle School,2000-01,2000,391.0,False,True
090192000371,Mcdonough Middle School,2001-02,2001,559.0,False,True
090192000371,Mcdonough Middle School,2002-03,2002,543.0,False,True
090192000371,Mcdonough Middle School,2003-04,2003,539.0,False,True
090192000371,Mcdonough Middle School,2004-05,2004,491.0,False,True
090192000371,Mcdonough Middle School,2005-06,2005,504.0,False,True
090192000371,Mcdonough Middle School,2006-07,2006,464.0,False,True
090192000371,Mcdonough Middle School,2007-08,2007,441.0,False,True
090192000371,Mcdonough Middle School,2008-09,2008,396.0,False,True
090192000371,Mcdonough Middle School,2009-10,2009,358.0,False,True
090192000371,Mcdonough Middle School,2010-11,2010,422.0,False,True
090192000371,Mcdonough Middle School,2011-12,2011,453.0,False,True
090192000371,Mcdonough Middle School,2012-13,2012,385.0,False,True
090192000371,Mcdonough Middle School,2013-14,2013,291.0,False,True
090192000371,Mcdonough Middle School,2014-15,2014,252.0,False,True
090192000371,Mcdonough Middle School,2015-16,2015,239.0,False,True
090192000371,Mcdonough Middle School,2016-17,2016,261.0,False,True
090192000371,Mcdonough Middle School,2017-18,2017,237.0,False,True
090192000371,Mcdonough Middle School,2018-19,2018,294.0,False,True
090192000371,Mcdonough Middle School,2019-20,2019,391.0,False,True
090192000371,Mcdonough Middle School,2020-21,2020,345.0,False,True
090192000371,Mcdonough Middle School,2021-22,2021,316.0,False,True
090192000371,Mcdonough Middle School,2022-23,2022,317.0,False,True
090192000371,Mcdonough Middle School,2023-24,2023,346.0,False,True
090192000371,Mcdonough Middle School,2024-25,2024,301.0,False,True
090192000381,Milner Middle School,1986-87,1986,694.0,False,True
090192000381,Milner Middle School,1987-88,1987,751.0,False,True
090192000381,Milner Middle School,1988-89,1988,701.0,False,True
090192000381,Milner Middle School,1989-90,1989,732.0,False,True
090192000381,Milner Middle School,1990-91,1990,646.0,False,True
090192000381,Milner Middle School,1991-92,1991,743.0,False,True
090192000381,Milner Middle School,1992-93,1992,672.0,False,True
090192000381,Milner Middle School,1993-94,1993,658.0,False,True
090192000381,Milner Middle School,1994-95,1994,657.0,False,True
090192000381,Milner Middle School,1995-96,1995,598.0,False,True
090192000381,Milner Middle School,1996-97,1996,573.0,False,True
090192000381,Milner Middle School,1997-98,1997,549.0,False,True
090192000381,Milner Middle School,1998-99,1998,552.0,False,True
090192000381,Milner Middle School,1999-00,1999,586.0,False,True
090192000381,Milner Middle School,2000-01,2000,562.0,False,True
090192000381,Milner Middle School,2001-02,2001,573.0,False,True
090192000381,Milner Middle School,2002-03,2002,556.0,False,True
090192000381,Milner Middle School,2003-04,2003,578.0,False,True
090192000381,Milner Middle School,2004-05,2004,493.0,False,True
090192000381,Milner Middle School,2005-06,2005,501.0,False,True
090192000381,Milner Middle School,2006-07,2006,404.0,False,True
090192000381,Milner Middle School,2007-08,2007,360.0,False,True
090192000381,Milner Middle School,2008-09,2008,417.0,False,True
090192000381,Milner Middle School,2009-10,2009,400.0,False,True
090192000381,Milner Middle School,2010-11,2010,412.0,False,True
090192000381,Milner Middle School,2011-12,2011,423.0,False,True
090192000381,Milner Middle School,2012-13,2012,373.0,False,True
090192000381,Milner Middle School,2013-14,2013,376.0,False,True
090192000381,Milner Middle School,2014-15,2014,330.0,False,True
090192000381,Milner Middle School,2015-16,2015,334.0,False,True
090192000381,Milner Middle School,2016-17,2016,292.0,False,True
090192000381,Milner Middle School,2017-18,2017,309.0,False,True
090192000381,Milner Middle School,2018-19,2018,329.0,False,True
090192000381,Milner Middle School,2019-20,2019,320.0,False,True
090192000381,Milner Middle School,2020-21,2020,328.0,False,True
090192000381,Milner Middle School,2021-22,2021,312.0,False,True
090192000381,Milner Middle School,2022-23,2022,284.0,False,True
090192000381,Milner Middle School,2023-24,2023,278.0,False,True
090192000381,Milner Middle School,2024-25,2024,261.0,False,True
090192001641,Montessori Magnet At Batchelder School,1986-87,1986,,False,False
090192001641,Montessori Magnet At Batchelder School,1987-88,1987,,False,False
090192001641,Montessori Magnet At Batchelder School,1988-89,1988,,False,False
090192001641,Montessori Magnet At Batchelder School,1989-90,1989,,False,False
090192001641,Montessori Magnet At Batchelder School,1990-91,1990,,False,False
090192001641,Montessori Magnet At Batchelder School,1991-92,1991,,False,False
090192001641,Montessori Magnet At Batchelder School,1992-93,1992,,False,False
090192001641,Montessori Magnet At Batchelder School,1993-94,1993,,False,False
090192001641,Montessori Magnet At Batchelder School,1994-95,1994,,False,False
090192001641,Montessori Magnet At Batchelder School,1995-96,1995,,False,False
090192001641,Montessori Magnet At Batchelder School,1996-97,1996,,False,False
090192001641,Montessori Magnet At Batchelder School,1997-98,1997,,False,False
090192001641,Montessori Magnet At Batchelder School,1998-99,1998,,False,False
090192001641,Montessori Magnet At Batchelder School,1999-00,1999,,False,False
090192001641,Montessori Magnet At Batchelder School,2000-01,2000,,False,False
090192001641,Montessori Magnet At Batchelder School,2001-02,2001,,False,False
090192001641,Montessori Magnet At Batchelder School,2002-03,2002,,False,False
090192001641,Montessori Magnet At Batchelder School,2003-04,2003,,False,False
090192001641,Montessori Magnet At Batchelder School,2004-05,2004,,False,False
090192001641,Montessori Magnet At Batchelder School,2005-06,2005,,False,False
090192001641,Montessori Magnet At Batchelder School,2006-07,2006,,False,False
090192001641,Montessori Magnet At Batchelder School,2007-08,2007,,False,False
090192001641,Montessori Magnet At Batchelder School,2008-09,2008,,False,False
090192001641,Montessori Magnet At Batchelder School,2009-10,2009,,False,False
090192001641,Montessori Magnet At Batchelder School,2010-11,2010,,False,False
090192001641,Montessori Magnet At Batchelder School,2011-12,2011,,False,False
090192001641,Montessori Magnet At Batchelder School,2012-13,2012,,False,False
090192001641,Montessori Magnet At Batchelder School,2013-14,2013,158.0,False,False
090192001641,Montessori Magnet At Batchelder School,2014-15,2014,212.0,False,False
090192001641,Montessori Magnet At Batchelder School,2015-16,2015,259.0,False,False
090192001641,Montessori Magnet At Batchelder School,2016-17,2016,304.0,False,False
090192001641,Montessori Magnet At Batchelder School,2017-18,2017,306.0,False,False
090192001641,Montessori Magnet At Batchelder School,2018-19,2018,345.0,False,False
090192001641,Montessori Magnet At Batchelder School,2019-20,2019,366.0,False,False
090192001641,Montessori Magnet At Batchelder School,2020-21,2020,372.0,False,False
090192001641,Montessori Magnet At Batchelder School,2021-22,2021,362.0,False,False
090192001641,Montessori Magnet At Batchelder School,2022-23,2022,363.0,False,False
090192001641,Montessori Magnet At Batchelder School,2023-24,2023,366.0,False,False
090192001641,Montessori Magnet At Batchelder School,2024-25,2024,346.0,False,False
090192001531,Montessori Magnet At Fisher School,1986-87,1986,,False,False
090192001531,Montessori Magnet At Fisher School,1987-88,1987,,False,False
090192001531,Montessori Magnet At Fisher School,1988-89,1988,,False,False
090192001531,Montessori Magnet At Fisher School,1989-90,1989,,False,False
090192001531,Montessori Magnet At Fisher School,1990-91,1990,,False,False
090192001531,Montessori Magnet At Fisher School,1991-92,1991,,False,False
090192001531,Montessori Magnet At Fisher School,1992-93,1992,,False,False
090192001531,Montessori Magnet At Fisher School,1993-94,1993,,False,False
090192001531,Montessori Magnet At Fisher School,1994-95,1994,,False,False
090192001531,Montessori Magnet At Fisher School,1995-96,1995,,False,False
090192001531,Montessori Magnet At Fisher School,1996-97,1996,,False,False
090192001531,Montessori Magnet At Fisher School,1997-98,1997,,False,False
090192001531,Montessori Magnet At Fisher School,1998-99,1998,,False,False
090192001531,Montessori Magnet At Fisher School,1999-00,1999,,False,False
090192001531,Montessori Magnet At Fisher School,2000-01,2000,,False,False
090192001531,Montessori Magnet At Fisher School,2001-02,2001,,False,False
090192001531,Montessori Magnet At Fisher School,2002-03,2002,,False,False
090192001531,Montessori Magnet At Fisher School,2003-04,2003,,False,False
090192001531,Montessori Magnet At Fisher School,2004-05,2004,,False,False
090192001531,Montessori Magnet At Fisher School,2005-06,2005,,False,False
090192001531,Montessori Magnet At Fisher School,2006-07,2006,,False,False
090192001531,Montessori Magnet At Fisher School,2007-08,2007,,False,False
090192001531,Montessori Magnet At Fisher School,2008-09,2008,101.0,False,False
090192001531,Montessori Magnet At Fisher School,2009-10,2009,149.0,False,False
090192001531,Montessori Magnet At Fisher School,2010-11,2010,198.0,False,False
090192001531,Montessori Magnet At Fisher School,2011-12,2011,240.0,False,False
090192001531,Montessori Magnet At Fisher School,2012-13,2012,279.0,False,False
090192001531,Montessori Magnet At Fisher School,2013-14,2013,291.0,False,False
090192001531,Montessori Magnet At Fisher School,2014-15,2014,323.0,False,False
090192001531,Montessori Magnet At Fisher School,2015-16,2015,340.0,False,False
090192001531,Montessori Magnet At Fisher School,2016-17,2016,336.0,False,False
090192001531,Montessori Magnet At Fisher School,2017-18,2017,343.0,False,False
090192001531,Montessori Magnet At Fisher School,2018-19,2018,352.0,False,False
090192001531,Montessori Magnet At Fisher School,2019-20,2019,358.0,False,False
090192001531,Montessori Magnet At Fisher School,2020-21,2020,360.0,False,False
090192001531,Montessori Magnet At Fisher School,2021-22,2021,333.0,False,False
090192001531,Montessori Magnet At Fisher School,2022-23,2022,343.0,False,False
090192001531,Montessori Magnet At Fisher School,2023-24,2023,353.0,False,False
090192001531,Montessori Magnet At Fisher School,2024-25,2024,353.0,False,False
090192000210,Montessori Magnet School,1986-87,1986,,False,False
090192000210,Montessori Magnet School,1987-88,1987,,False,False
090192000210,Montessori Magnet School,1988-89,1988,,False,False
090192000210,Montessori Magnet School,1989-90,1989,,False,False
090192000210,Montessori Magnet School,1990-91,1990,,False,False
090192000210,Montessori Magnet School,1991-92,1991,,False,False
090192000210,Montessori Magnet School,1992-93,1992,,False,False
090192000210,Montessori Magnet School,1993-94,1993,,False,False
090192000210,Montessori Magnet School,1994-95,1994,74.0,False,False
090192000210,Montessori Magnet School,1995-96,1995,109.0,True,False
090192000210,Montessori Magnet School,1996-97,1996,115.0,False,False
090192000210,Montessori Magnet School,1997-98,1997,139.0,False,False
090192000210,Montessori Magnet School,1998-99,1998,116.0,False,False
090192000210,Montessori Magnet School,1999-00,1999,,False,False
090192000210,Montessori Magnet School,2000-01,2000,,False,False
090192000210,Montessori Magnet School,2001-02,2001,,False,False
090192000210,Montessori Magnet School,2002-03,2002,,False,False
090192000210,Montessori Magnet School,2003-04,2003,,False,False
090192000210,Montessori Magnet School,2004-05,2004,,False,False
090192000210,Montessori Magnet School,2005-06,2005,,False,False
090192000210,Montessori Magnet School,2006-07,2006,,False,False
090192000210,Montessori Magnet School,2007-08,2007,,False,False
090192000210,Montessori Magnet School,2008-09,2008,,False,False
090192000210,Montessori Magnet School,2009-10,2009,,False,False
090192000210,Montessori Magnet School,2010-11,2010,,False,False
090192000210,Montessori Magnet School,2011-12,2011,,False,False
090192000210,Montessori Magnet School,2012-13,2012,,False,False
090192000210,Montessori Magnet School,2013-14,2013,,False,False
090192000210,Montessori Magnet School,2014-15,2014,,False,False
090192000210,Montessori Magnet School,2015-16,2015,,False,False
090192000210,Montessori Magnet School,2016-17,2016,,False,False
090192000210,Montessori Magnet School,2017-18,2017,,False,False
090192000210,Montessori Magnet School,2018-19,2018,,False,False
090192000210,Montessori Magnet School,2019-20,2019,,False,False
090192000210,Montessori Magnet School,2020-21,2020,,False,False
090192000210,Montessori Magnet School,2021-22,2021,,False,False
090192000210,Montessori Magnet School,2022-23,2022,,False,False
090192000210,Montessori Magnet School,2023-24,2023,,False,False
090192000210,Montessori Magnet School,2024-25,2024,,False,False
090192000372,Naylor/Ccsu Leadership Academy,1986-87,1986,518.0,False,True
090192000372,Naylor/Ccsu Leadership Academy,1987-88,1987,529.0,False,True
090192000372,Naylor/Ccsu Leadership Academy,1988-89,1988,487.0,False,True
090192000372,Naylor/Ccsu Leadership Academy,1989-90,1989,480.0,False,True
090192000372,Naylor/Ccsu Leadership Academy,1990-91,1990,526.0,False,True
090192000372,Naylor/Ccsu Leadership Academy,1991-92,1991,540.0,False,True
090192000372,Naylor/Ccsu Leadership Academy,1992-93,1992,541.0,False,True
090192000372,Naylor/Ccsu Leadership Academy,1993-94,1993,545.0,False,True
090192000372,Naylor/Ccsu Leadership Academy,1994-95,1994,512.0,False,True
090192000372,Naylor/Ccsu Leadership Academy,1995-96,1995,531.0,False,True
090192000372,Naylor/Ccsu Leadership Academy,1996-97,1996,599.0,False,True
090192000372,Naylor/Ccsu Leadership Academy,1997-98,1997,538.0,False,True
090192000372,Naylor/Ccsu Leadership Academy,1998-99,1998,548.0,False,True
090192000372,Naylor/Ccsu Leadership Academy,1999-00,1999,654.0,False,True
090192000372,Naylor/Ccsu Leadership Academy,2000-01,2000,628.0,False,True
090192000372,Naylor/Ccsu Leadership Academy,2001-02,2001,623.0,False,True
090192000372,Naylor/Ccsu Leadership Academy,2002-03,2002,639.0,False,True
090192000372,Naylor/Ccsu Leadership Academy,2003-04,2003,600.0,False,True
090192000372,Naylor/Ccsu Leadership Academy,2004-05,2004,563.0,False,True
090192000372,Naylor/Ccsu Leadership Academy,2005-06,2005,561.0,False,True
090192000372,Naylor/Ccsu Leadership Academy,2006-07,2006,576.0,False,True
090192000372,Naylor/Ccsu Leadership Academy,2007-08,2007,564.0,False,True
090192000372,Naylor/Ccsu Leadership Academy,2008-09,2008,608.0,False,True
090192000372,Naylor/Ccsu Leadership Academy,2009-10,2009,702.0,False,True
090192000372,Naylor/Ccsu Leadership Academy,2010-11,2010,703.0,False,True
090192000372,Naylor/Ccsu Leadership Academy,2011-12,2011,706.0,False,True
090192000372,Naylor/Ccsu Leadership Academy,2012-13,2012,722.0,False,True
090192000372,Naylor/Ccsu Leadership Academy,2013-14,2013,660.0,False,True
090192000372,Naylor/Ccsu Leadership Academy,2014-15,2014,682.0,False,True
090192000372,Naylor/Ccsu Leadership Academy,2015-16,2015,660.0,False,True
090192000372,Naylor/Ccsu Leadership Academy,2016-17,2016,636.0,False,True
090192000372,Naylor/Ccsu Leadership Academy,2017-18,2017,614.0,False,True
090192000372,Naylor/Ccsu Leadership Academy,2018-19,2018,521.0,False,True
090192000372,Naylor/Ccsu Leadership Academy,2019-20,2019,423.0,False,True
090192000372,Naylor/Ccsu Leadership Academy,2020-21,2020,388.0,False,True
090192000372,Naylor/Ccsu Leadership Academy,2021-22,2021,389.0,False,True
090192000372,Naylor/Ccsu Leadership Academy,2022-23,2022,357.0,False,True
090192000372,Naylor/Ccsu Leadership Academy,2023-24,2023,370.0,False,True
090192000372,Naylor/Ccsu Leadership Academy,2024-25,2024,372.0,False,True
090192001553,Opportunity High School,1986-87,1986,,False,False
090192001553,Opportunity High School,1987-88,1987,,False,False
090192001553,Opportunity High School,1988-89,1988,,False,False
090192001553,Opportunity High School,1989-90,1989,,False,False
090192001553,Opportunity High School,1990-91,1990,,False,False
090192001553,Opportunity High School,1991-92,1991,,False,False
090192001553,Opportunity High School,1992-93,1992,,False,False
090192001553,Opportunity High School,1993-94,1993,,False,False
090192001553,Opportunity High School,1994-95,1994,,False,False
090192001553,Opportunity High School,1995-96,1995,,False,False
090192001553,Opportunity High School,1996-97,1996,,False,False
090192001553,Opportunity High School,1997-98,1997,,False,False
090192001553,Opportunity High School,1998-99,1998,,False,False
090192001553,Opportunity High School,1999-00,1999,,False,False
090192001553,Opportunity High School,2000-01,2000,,False,False
090192001553,Opportunity High School,2001-02,2001,,False,False
090192001553,Opportunity High School,2002-03,2002,,False,False
090192001553,Opportunity High School,2003-04,2003,,False,False
090192001553,Opportunity High School,2004-05,2004,,False,False
090192001553,Opportunity High School,2005-06,2005,,False,False
090192001553,Opportunity High School,2006-07,2006,,False,False
090192001553,Opportunity High School,2007-08,2007,,False,False
090192001553,Opportunity High School,2008-09,2008,,False,False
090192001553,Opportunity High School,2009-10,2009,90.0,False,False
090192001553,Opportunity High School,2010-11,2010,123.0,False,False
090192001553,Opportunity High School,2011-12,2011,116.0,False,False
090192001553,Opportunity High School,2012-13,2012,110.0,False,False
090192001553,Opportunity High School,2013-14,2013,99.0,False,False
090192001553,Opportunity High School,2014-15,2014,127.0,False,False
090192001553,Opportunity High School,2015-16,2015,,False,False
090192001553,Opportunity High School,2016-17,2016,,False,False
090192001553,Opportunity High School,2017-18,2017,,False,False
090192001553,Opportunity High School,2018-19,2018,,False,False
090192001553,Opportunity High School,2019-20,2019,,False,False
090192001553,Opportunity High School,2020-21,2020,,False,False
090192001553,Opportunity High School,2021-22,2021,,False,False
090192001553,Opportunity High School,2022-23,2022,,False,False
090192001553,Opportunity High School,2023-24,2023,,False,False
090192001553,Opportunity High School,2024-25,2024,,False,False
090192000373,Parkville Community School,1986-87,1986,685.0,False,True
090192000373,Parkville Community School,1987-88,1987,684.0,False,True
090192000373,Parkville Community School,1988-89,1988,683.0,False,True
090192000373,Parkville Community School,1989-90,1989,722.0,False,True
090192000373,Parkville Community School,1990-91,1990,764.0,False,True
090192000373,Parkville Community School,1991-92,1991,786.0,False,True
090192000373,Parkville Community School,1992-93,1992,735.0,False,True
090192000373,Parkville Community School,1993-94,1993,784.0,False,True
090192000373,Parkville Community School,1994-95,1994,709.0,False,True
090192000373,Parkville Community School,1995-96,1995,778.0,False,True
090192000373,Parkville Community School,1996-97,1996,730.0,False,True
090192000373,Parkville Community School,1997-98,1997,734.0,False,True
090192000373,Parkville Community School,1998-99,1998,776.0,False,True
090192000373,Parkville Community School,1999-00,1999,700.0,False,True
090192000373,Parkville Community School,2000-01,2000,704.0,False,True
090192000373,Parkville Community School,2001-02,2001,596.0,False,True
090192000373,Parkville Community School,2002-03,2002,573.0,False,True
090192000373,Parkville Community School,2003-04,2003,601.0,False,True
090192000373,Parkville Community School,2004-05,2004,611.0,False,True
090192000373,Parkville Community School,2005-06,2005,664.0,False,True
090192000373,Parkville Community School,2006-07,2006,561.0,False,True
090192000373,Parkville Community School,2007-08,2007,596.0,False,True
090192000373,Parkville Community School,2008-09,2008,578.0,False,True
090192000373,Parkville Community School,2009-10,2009,514.0,False,True
090192000373,Parkville Community School,2010-11,2010,516.0,False,True
090192000373,Parkville Community School,2011-12,2011,535.0,False,True
090192000373,Parkville Community School,2012-13,2012,564.0,False,True
090192000373,Parkville Community School,2013-14,2013,543.0,False,True
090192000373,Parkville Community School,2014-15,2014,532.0,False,True
090192000373,Parkville Community School,2015-16,2015,537.0,False,True
090192000373,Parkville Community School,2016-17,2016,534.0,False,True
090192000373,Parkville Community School,2017-18,2017,485.0,False,True
090192000373,Parkville Community School,2018-19,2018,451.0,False,True
090192000373,Parkville Community School,2019-20,2019,432.0,False,True
090192000373,Parkville Community School,2020-21,2020,385.0,False,True
090192000373,Parkville Community School,2021-22,2021,416.0,False,True
090192000373,Parkville Community School,2022-23,2022,396.0,False,True
090192000373,Parkville Community School,2023-24,2023,375.0,False,True
090192000373,Parkville Community School,2024-25,2024,351.0,False,True
090192001479,Pathways Academy Of Technology And Design,1986-87,1986,,False,False
090192001479,Pathways Academy Of Technology And Design,1987-88,1987,,False,False
090192001479,Pathways Academy Of Technology And Design,1988-89,1988,,False,False
090192001479,Pathways Academy Of Technology And Design,1989-90,1989,,False,False
090192001479,Pathways Academy Of Technology And Design,1990-91,1990,,False,False
090192001479,Pathways Academy Of Technology And Design,1991-92,1991,,False,False
090192001479,Pathways Academy Of Technology And Design,1992-93,1992,,False,False
090192001479,Pathways Academy Of Technology And Design,1993-94,1993,,False,False
090192001479,Pathways Academy Of Technology And Design,1994-95,1994,,False,False
090192001479,Pathways Academy Of Technology And Design,1995-96,1995,,False,False
090192001479,Pathways Academy Of Technology And Design,1996-97,1996,,False,False
090192001479,Pathways Academy Of Technology And Design,1997-98,1997,,False,False
090192001479,Pathways Academy Of Technology And Design,1998-99,1998,,False,False
090192001479,Pathways Academy Of Technology And Design,1999-00,1999,,False,False
090192001479,Pathways Academy Of Technology And Design,2000-01,2000,,False,False
090192001479,Pathways Academy Of Technology And Design,2001-02,2001,,False,False
090192001479,Pathways Academy Of Technology And Design,2002-03,2002,,False,False
090192001479,Pathways Academy Of Technology And Design,2003-04,2003,85.0,False,False
090192001479,Pathways Academy Of Technology And Design,2004-05,2004,162.0,False,False
090192001479,Pathways Academy Of Technology And Design,2005-06,2005,173.0,False,False
090192001479,Pathways Academy Of Technology And Design,2006-07,2006,300.0,False,False
090192001479,Pathways Academy Of Technology And Design,2007-08,2007,350.0,False,False
090192001479,Pathways Academy Of Technology And Design,2008-09,2008,391.0,False,False
090192001479,Pathways Academy Of Technology And Design,2009-10,2009,351.0,False,False
090192001479,Pathways Academy Of Technology And Design,2010-11,2010,355.0,False,False
090192001479,Pathways Academy Of Technology And Design,2011-12,2011,327.0,False,False
090192001479,Pathways Academy Of Technology And Design,2012-13,2012,329.0,False,False
090192001479,Pathways Academy Of Technology And Design,2013-14,2013,330.0,False,False
090192001479,Pathways Academy Of Technology And Design,2014-15,2014,375.0,False,False
090192001479,Pathways Academy Of Technology And Design,2015-16,2015,419.0,False,False
090192001479,Pathways Academy Of Technology And Design,2016-17,2016,421.0,False,False
090192001479,Pathways Academy Of Technology And Design,2017-18,2017,432.0,False,False
090192001479,Pathways Academy Of Technology And Design,2018-19,2018,428.0,False,False
090192001479,Pathways Academy Of Technology And Design,2019-20,2019,403.0,False,False
090192001479,Pathways Academy Of Technology And Design,2020-21,2020,425.0,False,False
090192001479,Pathways Academy Of Technology And Design,2021-22,2021,410.0,False,False
090192001479,Pathways Academy Of Technology And Design,2022-23,2022,389.0,False,False
090192001479,Pathways Academy Of Technology And Design,2023-24,2023,390.0,False,False
090192001479,Pathways Academy Of Technology And Design,2024-25,2024,359.0,False,False
090192000375,Quirk Middle School,1986-87,1986,1225.0,False,False
090192000375,Quirk Middle School,1987-88,1987,1269.0,False,False
090192000375,Quirk Middle School,1988-89,1988,1249.0,False,False
090192000375,Quirk Middle School,1989-90,1989,1260.0,False,False
090192000375,Quirk Middle School,1990-91,1990,1364.0,False,False
090192000375,Quirk Middle School,1991-92,1991,1417.0,False,False
090192000375,Quirk Middle School,1992-93,1992,1351.0,False,False
090192000375,Quirk Middle School,1993-94,1993,1328.0,False,False
090192000375,Quirk Middle School,1994-95,1994,1317.0,False,False
090192000375,Quirk Middle School,1995-96,1995,1252.0,False,False
090192000375,Quirk Middle School,1996-97,1996,1262.0,False,False
090192000375,Quirk Middle School,1997-98,1997,1219.0,False,False
090192000375,Quirk Middle School,1998-99,1998,1213.0,False,False
090192000375,Quirk Middle School,1999-00,1999,1252.0,False,False
090192000375,Quirk Middle School,2000-01,2000,1268.0,False,False
090192000375,Quirk Middle School,2001-02,2001,1219.0,False,False
090192000375,Quirk Middle School,2002-03,2002,1081.0,False,False
090192000375,Quirk Middle School,2003-04,2003,968.0,False,False
090192000375,Quirk Middle School,2004-05,2004,934.0,False,False
090192000375,Quirk Middle School,2005-06,2005,831.0,False,False
090192000375,Quirk Middle School,2006-07,2006,671.0,False,False
090192000375,Quirk Middle School,2007-08,2007,575.0,False,False
090192000375,Quirk Middle School,2008-09,2008,568.0,False,False
090192000375,Quirk Middle School,2009-10,2009,244.0,False,False
090192000375,Quirk Middle School,2010-11,2010,,False,False
090192000375,Quirk Middle School,2011-12,2011,,False,False
090192000375,Quirk Middle School,2012-13,2012,,False,False
090192000375,Quirk Middle School,2013-14,2013,,False,False
090192000375,Quirk Middle School,2014-15,2014,,False,False
090192000375,Quirk Middle School,2015-16,2015,,False,False
090192000375,Quirk Middle School,2016-17,2016,,False,False
090192000375,Quirk Middle School,2017-18,2017,,False,False
090192000375,Quirk Middle School,2018-19,2018,,False,False
090192000375,Quirk Middle School,2019-20,2019,,False,False
090192000375,Quirk Middle School,2020-21,2020,,False,False
090192000375,Quirk Middle School,2021-22,2021,,False,False
090192000375,Quirk Middle School,2022-23,2022,,False,False
090192000375,Quirk Middle School,2023-24,2023,,False,False
090192000375,Quirk Middle School,2024-25,2024,,False,False
090192000376,Rawson School,1986-87,1986,422.0,False,True
090192000376,Rawson School,1987-88,1987,409.0,False,True
090192000376,Rawson School,1988-89,1988,423.0,False,True
090192000376,Rawson School,1989-90,1989,437.0,False,True
090192000376,Rawson School,1990-91,1990,422.0,False,True
090192000376,Rawson School,1991-92,1991,384.0,False,True
090192000376,Rawson School,1992-93,1992,405.0,False,True
090192000376,Rawson School,1993-94,1993,373.0,False,True
090192000376,Rawson School,1994-95,1994,368.0,False,True
090192000376,Rawson School,1995-96,1995,340.0,False,True
090192000376,Rawson School,1996-97,1996,380.0,False,True
090192000376,Rawson School,1997-98,1997,379.0,False,True
090192000376,Rawson School,1998-99,1998,392.0,False,True
090192000376,Rawson School,1999-00,1999,388.0,False,True
090192000376,Rawson School,2000-01,2000,379.0,False,True
090192000376,Rawson School,2001-02,2001,329.0,False,True
090192000376,Rawson School,2002-03,2002,293.0,False,True
090192000376,Rawson School,2003-04,2003,296.0,False,True
090192000376,Rawson School,2004-05,2004,299.0,False,True
090192000376,Rawson School,2005-06,2005,334.0,False,True
090192000376,Rawson School,2006-07,2006,422.0,False,True
090192000376,Rawson School,2007-08,2007,586.0,False,True
090192000376,Rawson School,2008-09,2008,755.0,False,True
090192000376,Rawson School,2009-10,2009,734.0,False,True
090192000376,Rawson School,2010-11,2010,463.0,False,True
090192000376,Rawson School,2011-12,2011,452.0,False,True
090192000376,Rawson School,2012-13,2012,573.0,False,True
090192000376,Rawson School,2013-14,2013,498.0,False,True
090192000376,Rawson School,2014-15,2014,484.0,False,True
090192000376,Rawson School,2015-16,2015,373.0,False,True
090192000376,Rawson School,2016-17,2016,383.0,False,True
090192000376,Rawson School,2017-18,2017,357.0,False,True
090192000376,Rawson School,2018-19,2018,362.0,False,True
090192000376,Rawson School,2019-20,2019,332.0,False,True
090192000376,Rawson School,2020-21,2020,255.0,False,True
090192000376,Rawson School,2021-22,2021,224.0,False,True
090192000376,Rawson School,2022-23,2022,231.0,False,True
090192000376,Rawson School,2023-24,2023,209.0,False,True
090192000376,Rawson School,2024-25,2024,198.0,False,True
090192001582,Renzulli Gifted And Talented Academy,1986-87,1986,,False,False
090192001582,Renzulli Gifted And Talented Academy,1987-88,1987,,False,False
090192001582,Renzulli Gifted And Talented Academy,1988-89,1988,,False,False
090192001582,Renzulli Gifted And Talented Academy,1989-90,1989,,False,False
090192001582,Renzulli Gifted And Talented Academy,1990-91,1990,,False,False
090192001582,Renzulli Gifted And Talented Academy,1991-92,1991,,False,False
090192001582,Renzulli Gifted And Talented Academy,1992-93,1992,,False,False
090192001582,Renzulli Gifted And Talented Academy,1993-94,1993,,False,False
090192001582,Renzulli Gifted And Talented Academy,1994-95,1994,,False,False
090192001582,Renzulli Gifted And Talented Academy,1995-96,1995,,False,False
090192001582,Renzulli Gifted And Talented Academy,1996-97,1996,,False,False
090192001582,Renzulli Gifted And Talented Academy,1997-98,1997,,False,False
090192001582,Renzulli Gifted And Talented Academy,1998-99,1998,,False,False
090192001582,Renzulli Gifted And Talented Academy,1999-00,1999,,False,False
090192001582,Renzulli Gifted And Talented Academy,2000-01,2000,,False,False
090192001582,Renzulli Gifted And Talented Academy,2001-02,2001,,False,False
090192001582,Renzulli Gifted And Talented Academy,2002-03,2002,,False,False
090192001582,Renzulli Gifted And Talented Academy,2003-04,2003,,False,False
090192001582,Renzulli Gifted And Talented Academy,2004-05,2004,,False,False
090192001582,Renzulli Gifted And Talented Academy,2005-06,2005,,False,False
090192001582,Renzulli Gifted And Talented Academy,2006-07,2006,,False,False
090192001582,Renzulli Gifted And Talented Academy,2007-08,2007,,False,False
090192001582,Renzulli Gifted And Talented Academy,2008-09,2008,,False,False
090192001582,Renzulli Gifted And Talented Academy,2009-10,2009,,False,False
090192001582,Renzulli Gifted And Talented Academy,2010-11,2010,57.0,False,False
090192001582,Renzulli Gifted And Talented Academy,2011-12,2011,105.0,False,False
090192001582,Renzulli Gifted And Talented Academy,2012-13,2012,121.0,False,False
090192001582,Renzulli Gifted And Talented Academy,2013-14,2013,128.0,False,False
090192001582,Renzulli Gifted And Talented Academy,2014-15,2014,83.0,False,False
090192001582,Renzulli Gifted And Talented Academy,2015-16,2015,99.0,False,False
090192001582,Renzulli Gifted And Talented Academy,2016-17,2016,131.0,False,False
090192001582,Renzulli Gifted And Talented Academy,2017-18,2017,134.0,False,False
090192001582,Renzulli Gifted And Talented Academy,2018-19,2018,123.0,False,False
090192001582,Renzulli Gifted And Talented Academy,2019-20,2019,129.0,False,False
090192001582,Renzulli Gifted And Talented Academy,2020-21,2020,122.0,False,False
090192001582,Renzulli Gifted And Talented Academy,2021-22,2021,116.0,False,False
090192001582,Renzulli Gifted And Talented Academy,2022-23,2022,119.0,False,False
090192001582,Renzulli Gifted And Talented Academy,2023-24,2023,116.0,False,False
090192001582,Renzulli Gifted And Talented Academy,2024-25,2024,128.0,False,False
090192000026,Sanchez School,1986-87,1986,,False,True
090192000026,Sanchez School,1987-88,1987,,False,True
090192000026,Sanchez School,1988-89,1988,,False,True
090192000026,Sanchez School,1989-90,1989,,False,True
090192000026,Sanchez School,1990-91,1990,,False,True
090192000026,Sanchez School,1991-92,1991,,False,True
090192000026,Sanchez School,1992-93,1992,392.0,False,True
090192000026,Sanchez School,1993-94,1993,516.0,False,True
090192000026,Sanchez School,1994-95,1994,556.0,False,True
090192000026,Sanchez School,1995-96,1995,459.0,False,True
090192000026,Sanchez School,1996-97,1996,520.0,False,True
090192000026,Sanchez School,1997-98,1997,519.0,False,True
090192000026,Sanchez School,1998-99,1998,522.0,False,True
090192000026,Sanchez School,1999-00,1999,485.0,False,True
090192000026,Sanchez School,2000-01,2000,493.0,False,True
090192000026,Sanchez School,2001-02,2001,482.0,False,True
090192000026,Sanchez School,2002-03,2002,507.0,False,True
090192000026,Sanchez School,2003-04,2003,577.0,False,True
090192000026,Sanchez School,2004-05,2004,526.0,False,True
090192000026,Sanchez School,2005-06,2005,559.0,False,True
090192000026,Sanchez School,2006-07,2006,530.0,False,True
090192000026,Sanchez School,2007-08,2007,580.0,False,True
090192000026,Sanchez School,2008-09,2008,528.0,False,True
090192000026,Sanchez School,2009-10,2009,493.0,False,True
090192000026,Sanchez School,2010-11,2010,492.0,False,True
090192000026,Sanchez School,2011-12,2011,469.0,False,True
090192000026,Sanchez School,2012-13,2012,494.0,False,True
090192000026,Sanchez School,2013-14,2013,492.0,False,True
090192000026,Sanchez School,2014-15,2014,485.0,False,True
090192000026,Sanchez School,2015-16,2015,480.0,False,True
090192000026,Sanchez School,2016-17,2016,396.0,False,True
090192000026,Sanchez School,2017-18,2017,364.0,False,True
090192000026,Sanchez School,2018-19,2018,424.0,False,True
090192000026,Sanchez School,2019-20,2019,381.0,False,True
090192000026,Sanchez School,2020-21,2020,344.0,False,True
090192000026,Sanchez School,2021-22,2021,324.0,False,True
090192000026,Sanchez School,2022-23,2022,322.0,False,True
090192000026,Sanchez School,2023-24,2023,332.0,False,True
090192000026,Sanchez School,2024-25,2024,311.0,False,True
090192000377,Sand School,1986-87,1986,751.0,False,True
090192000377,Sand School,1987-88,1987,806.0,False,True
090192000377,Sand School,1988-89,1988,826.0,False,True
090192000377,Sand School,1989-90,1989,781.0,False,True
090192000377,Sand School,1990-91,1990,756.0,False,True
090192000377,Sand School,1991-92,1991,689.0,False,True
090192000377,Sand School,1992-93,1992,688.0,False,True
090192000377,Sand School,1993-94,1993,661.0,False,True
090192000377,Sand School,1994-95,1994,570.0,False,True
090192000377,Sand School,1995-96,1995,489.0,False,True
090192000377,Sand School,1996-97,1996,421.0,False,True
090192000377,Sand School,1997-98,1997,347.0,False,True
090192000377,Sand School,1998-99,1998,370.0,False,True
090192000377,Sand School,1999-00,1999,406.0,False,True
090192000377,Sand School,2000-01,2000,414.0,False,True
090192000377,Sand School,2001-02,2001,393.0,False,True
090192000377,Sand School,2002-03,2002,323.0,False,True
090192000377,Sand School,2003-04,2003,346.0,False,True
090192000377,Sand School,2004-05,2004,371.0,False,True
090192000377,Sand School,2005-06,2005,401.0,False,True
090192000377,Sand School,2006-07,2006,351.0,False,True
090192000377,Sand School,2007-08,2007,366.0,False,True
090192000377,Sand School,2008-09,2008,442.0,False,True
090192000377,Sand School,2009-10,2009,413.0,False,True
090192000377,Sand School,2010-11,2010,463.0,False,True
090192000377,Sand School,2011-12,2011,471.0,False,True
090192000377,Sand School,2012-13,2012,484.0,False,True
090192000377,Sand School,2013-14,2013,459.0,False,True
090192000377,Sand School,2014-15,2014,402.0,False,True
090192000377,Sand School,2015-16,2015,394.0,False,True
090192000377,Sand School,2016-17,2016,362.0,False,True
090192000377,Sand School,2017-18,2017,358.0,False,True
090192000377,Sand School,2018-19,2018,395.0,False,True
090192000377,Sand School,2019-20,2019,333.0,False,True
090192000377,Sand School,2020-21,2020,286.0,False,True
090192000377,Sand School,2021-22,2021,291.0,False,True
090192000377,Sand School,2022-23,2022,286.0,False,True
090192000377,Sand School,2023-24,2023,273.0,False,True
090192000377,Sand School,2024-25,2024,266.0,False,True
090192001589,Sarah J Rawson Middle Grades Academy,1986-87,1986,,False,False
090192001589,Sarah J Rawson Middle Grades Academy,1987-88,1987,,False,False
090192001589,Sarah J Rawson Middle Grades Academy,1988-89,1988,,False,False
090192001589,Sarah J Rawson Middle Grades Academy,1989-90,1989,,False,False
090192001589,Sarah J Rawson Middle Grades Academy,1990-91,1990,,False,False
090192001589,Sarah J Rawson Middle Grades Academy,1991-92,1991,,False,False
090192001589,Sarah J Rawson Middle Grades Academy,1992-93,1992,,False,False
090192001589,Sarah J Rawson Middle Grades Academy,1993-94,1993,,False,False
090192001589,Sarah J Rawson Middle Grades Academy,1994-95,1994,,False,False
090192001589,Sarah J Rawson Middle Grades Academy,1995-96,1995,,False,False
090192001589,Sarah J Rawson Middle Grades Academy,1996-97,1996,,False,False
090192001589,Sarah J Rawson Middle Grades Academy,1997-98,1997,,False,False
090192001589,Sarah J Rawson Middle Grades Academy,1998-99,1998,,False,False
090192001589,Sarah J Rawson Middle Grades Academy,1999-00,1999,,False,False
090192001589,Sarah J Rawson Middle Grades Academy,2000-01,2000,,False,False
090192001589,Sarah J Rawson Middle Grades Academy,2001-02,2001,,False,False
090192001589,Sarah J Rawson Middle Grades Academy,2002-03,2002,,False,False
090192001589,Sarah J Rawson Middle Grades Academy,2003-04,2003,,False,False
090192001589,Sarah J Rawson Middle Grades Academy,2004-05,2004,,False,False
090192001589,Sarah J Rawson Middle Grades Academy,2005-06,2005,,False,False
090192001589,Sarah J Rawson Middle Grades Academy,2006-07,2006,,False,False
090192001589,Sarah J Rawson Middle Grades Academy,2007-08,2007,,False,False
090192001589,Sarah J Rawson Middle Grades Academy,2008-09,2008,,False,False
090192001589,Sarah J Rawson Middle Grades Academy,2009-10,2009,,False,False
090192001589,Sarah J Rawson Middle Grades Academy,2010-11,2010,188.0,False,False
090192001589,Sarah J Rawson Middle Grades Academy,2011-12,2011,202.0,False,False
090192001589,Sarah J Rawson Middle Grades Academy,2012-13,2012,,False,False
090192001589,Sarah J Rawson Middle Grades Academy,2013-14,2013,,False,False
090192001589,Sarah J Rawson Middle Grades Academy,2014-15,2014,,False,False
090192001589,Sarah J Rawson Middle Grades Academy,2015-16,2015,,False,False
090192001589,Sarah J Rawson Middle Grades Academy,2016-17,2016,,False,False
090192001589,Sarah J Rawson Middle Grades Academy,2017-18,2017,,False,False
090192001589,Sarah J Rawson Middle Grades Academy,2018-19,2018,,False,False
090192001589,Sarah J Rawson Middle Grades Academy,2019-20,2019,,False,False
090192001589,Sarah J Rawson Middle Grades Academy,2020-21,2020,,False,False
090192001589,Sarah J Rawson Middle Grades Academy,2021-22,2021,,False,False
090192001589,Sarah J Rawson Middle Grades Academy,2022-23,2022,,False,False
090192001589,Sarah J Rawson Middle Grades Academy,2023-24,2023,,False,False
090192001589,Sarah J Rawson Middle Grades Academy,2024-25,2024,,False,False
090192000378,Simpson-Waverly School,1986-87,1986,548.0,False,True
090192000378,Simpson-Waverly School,1987-88,1987,589.0,False,True
090192000378,Simpson-Waverly School,1988-89,1988,609.0,False,True
090192000378,Simpson-Waverly School,1989-90,1989,610.0,False,True
090192000378,Simpson-Waverly School,1990-91,1990,630.0,False,True
090192000378,Simpson-Waverly School,1991-92,1991,626.0,False,True
090192000378,Simpson-Waverly School,1992-93,1992,562.0,False,True
090192000378,Simpson-Waverly School,1993-94,1993,570.0,False,True
090192000378,Simpson-Waverly School,1994-95,1994,466.0,False,True
090192000378,Simpson-Waverly School,1995-96,1995,495.0,False,True
090192000378,Simpson-Waverly School,1996-97,1996,470.0,False,True
090192000378,Simpson-Waverly School,1997-98,1997,461.0,False,True
090192000378,Simpson-Waverly School,1998-99,1998,425.0,False,True
090192000378,Simpson-Waverly School,1999-00,1999,418.0,False,True
090192000378,Simpson-Waverly School,2000-01,2000,371.0,False,True
090192000378,Simpson-Waverly School,2001-02,2001,328.0,False,True
090192000378,Simpson-Waverly School,2002-03,2002,332.0,False,True
090192000378,Simpson-Waverly School,2003-04,2003,323.0,False,True
090192000378,Simpson-Waverly School,2004-05,2004,383.0,False,True
090192000378,Simpson-Waverly School,2005-06,2005,420.0,False,True
090192000378,Simpson-Waverly School,2006-07,2006,371.0,False,True
090192000378,Simpson-Waverly School,2007-08,2007,366.0,False,True
090192000378,Simpson-Waverly School,2008-09,2008,347.0,False,True
090192000378,Simpson-Waverly School,2009-10,2009,437.0,False,True
090192000378,Simpson-Waverly School,2010-11,2010,362.0,False,True
090192000378,Simpson-Waverly School,2011-12,2011,347.0,False,True
090192000378,Simpson-Waverly School,2012-13,2012,326.0,False,True
090192000378,Simpson-Waverly School,2013-14,2013,297.0,False,True
090192000378,Simpson-Waverly School,2014-15,2014,295.0,False,True
090192000378,Simpson-Waverly School,2015-16,2015,293.0,False,True
090192000378,Simpson-Waverly School,2016-17,2016,314.0,False,True
090192000378,Simpson-Waverly School,2017-18,2017,251.0,False,True
090192000378,Simpson-Waverly School,2018-19,2018,,False,True
090192000378,Simpson-Waverly School,2019-20,2019,,False,True
090192000378,Simpson-Waverly School,2020-21,2020,,False,True
090192000378,Simpson-Waverly School,2021-22,2021,,False,True
090192000378,Simpson-Waverly School,2022-23,2022,,False,True
090192000378,Simpson-Waverly School,2023-24,2023,,False,True
090192000378,Simpson-Waverly School,2024-25,2024,,False,True
090192001370,Sport And Medical Sciences Academy,1986-87,1986,,False,False
090192001370,Sport And Medical Sciences Academy,1987-88,1987,,False,False
090192001370,Sport And Medical Sciences Academy,1988-89,1988,,False,False
090192001370,Sport And Medical Sciences Academy,1989-90,1989,,False,False
090192001370,Sport And Medical Sciences Academy,1990-91,1990,,False,False
090192001370,Sport And Medical Sciences Academy,1991-92,1991,,False,False
090192001370,Sport And Medical Sciences Academy,1992-93,1992,,False,False
090192001370,Sport And Medical Sciences Academy,1993-94,1993,,False,False
090192001370,Sport And Medical Sciences Academy,1994-95,1994,,False,False
090192001370,Sport And Medical Sciences Academy,1995-96,1995,,False,False
090192001370,Sport And Medical Sciences Academy,1996-97,1996,,False,False
090192001370,Sport And Medical Sciences Academy,1997-98,1997,,False,False
090192001370,Sport And Medical Sciences Academy,1998-99,1998,,False,False
090192001370,Sport And Medical Sciences Academy,1999-00,1999,,False,False
090192001370,Sport And Medical Sciences Academy,2000-01,2000,,False,False
090192001370,Sport And Medical Sciences Academy,2001-02,2001,,False,False
090192001370,Sport And Medical Sciences Academy,2002-03,2002,316.0,False,False
090192001370,Sport And Medical Sciences Academy,2003-04,2003,357.0,False,False
090192001370,Sport And Medical Sciences Academy,2004-05,2004,384.0,False,False
090192001370,Sport And Medical Sciences Academy,2005-06,2005,318.0,False,False
090192001370,Sport And Medical Sciences Academy,2006-07,2006,402.0,False,False
090192001370,Sport And Medical Sciences Academy,2007-08,2007,395.0,False,False
090192001370,Sport And Medical Sciences Academy,2008-09,2008,578.0,False,False
090192001370,Sport And Medical Sciences Academy,2009-10,2009,602.0,False,False
090192001370,Sport And Medical Sciences Academy,2010-11,2010,672.0,False,False
090192001370,Sport And Medical Sciences Academy,2011-12,2011,637.0,False,False
090192001370,Sport And Medical Sciences Academy,2012-13,2012,692.0,False,False
090192001370,Sport And Medical Sciences Academy,2013-14,2013,705.0,False,False
090192001370,Sport And Medical Sciences Academy,2014-15,2014,702.0,False,False
090192001370,Sport And Medical Sciences Academy,2015-16,2015,707.0,False,False
090192001370,Sport And Medical Sciences Academy,2016-17,2016,709.0,False,False
090192001370,Sport And Medical Sciences Academy,2017-18,2017,700.0,False,False
090192001370,Sport And Medical Sciences Academy,2018-19,2018,679.0,False,False
090192001370,Sport And Medical Sciences Academy,2019-20,2019,643.0,False,False
090192001370,Sport And Medical Sciences Academy,2020-21,2020,606.0,False,False
090192001370,Sport And Medical Sciences Academy,2021-22,2021,579.0,False,False
090192001370,Sport And Medical Sciences Academy,2022-23,2022,530.0,False,False
090192001370,Sport And Medical Sciences Academy,2023-24,2023,450.0,False,False
090192001370,Sport And Medical Sciences Academy,2024-25,2024,463.0,False,False
090192000362,Stem Magnet At Annie Fisher School,1986-87,1986,593.0,False,True
090192000362,Stem Magnet At Annie Fisher School,1987-88,1987,715.0,False,True
090192000362,Stem Magnet At Annie Fisher School,1988-89,1988,709.0,False,True
090192000362,Stem Magnet At Annie Fisher School,1989-90,1989,736.0,False,True
090192000362,Stem Magnet At Annie Fisher School,1990-91,1990,757.0,False,True
090192000362,Stem Magnet At Annie Fisher School,1991-92,1991,734.0,False,True
090192000362,Stem Magnet At Annie Fisher School,1992-93,1992,736.0,False,True
090192000362,Stem Magnet At Annie Fisher School,1993-94,1993,776.0,False,True
090192000362,Stem Magnet At Annie Fisher School,1994-95,1994,728.0,False,True
090192000362,Stem Magnet At Annie Fisher School,1995-96,1995,784.0,False,True
090192000362,Stem Magnet At Annie Fisher School,1996-97,1996,770.0,False,True
090192000362,Stem Magnet At Annie Fisher School,1997-98,1997,764.0,False,True
090192000362,Stem Magnet At Annie Fisher School,1998-99,1998,730.0,False,True
090192000362,Stem Magnet At Annie Fisher School,1999-00,1999,723.0,False,True
090192000362,Stem Magnet At Annie Fisher School,2000-01,2000,695.0,False,True
090192000362,Stem Magnet At Annie Fisher School,2001-02,2001,709.0,False,True
090192000362,Stem Magnet At Annie Fisher School,2002-03,2002,661.0,False,True
090192000362,Stem Magnet At Annie Fisher School,2003-04,2003,603.0,False,True
090192000362,Stem Magnet At Annie Fisher School,2004-05,2004,558.0,False,True
090192000362,Stem Magnet At Annie Fisher School,2005-06,2005,589.0,False,True
090192000362,Stem Magnet At Annie Fisher School,2006-07,2006,620.0,False,True
090192000362,Stem Magnet At Annie Fisher School,2007-08,2007,560.0,False,True
090192000362,Stem Magnet At Annie Fisher School,2008-09,2008,376.0,False,True
090192000362,Stem Magnet At Annie Fisher School,2009-10,2009,253.0,False,True
090192000362,Stem Magnet At Annie Fisher School,2010-11,2010,329.0,False,True
090192000362,Stem Magnet At Annie Fisher School,2011-12,2011,344.0,False,True
090192000362,Stem Magnet At Annie Fisher School,2012-13,2012,356.0,False,True
090192000362,Stem Magnet At Annie Fisher School,2013-14,2013,359.0,False,True
090192000362,Stem Magnet At Annie Fisher School,2014-15,2014,360.0,False,True
090192000362,Stem Magnet At Annie Fisher School,2015-16,2015,367.0,False,True
090192000362,Stem Magnet At Annie Fisher School,2016-17,2016,366.0,False,True
090192000362,Stem Magnet At Annie Fisher School,2017-18,2017,363.0,False,True
090192000362,Stem Magnet At Annie Fisher School,2018-19,2018,366.0,False,True
090192000362,Stem Magnet At Annie Fisher School,2019-20,2019,337.0,False,True
090192000362,Stem Magnet At Annie Fisher School,2020-21,2020,342.0,False,True
090192000362,Stem Magnet At Annie Fisher School,2021-22,2021,352.0,False,True
090192000362,Stem Magnet At Annie Fisher School,2022-23,2022,344.0,False,True
090192000362,Stem Magnet At Annie Fisher School,2023-24,2023,373.0,False,True
090192000362,Stem Magnet At Annie Fisher School,2024-25,2024,348.0,False,True
090192000380,Twain School,1986-87,1986,423.0,False,False
090192000380,Twain School,1987-88,1987,455.0,False,False
090192000380,Twain School,1988-89,1988,443.0,False,False
090192000380,Twain School,1989-90,1989,455.0,False,False
090192000380,Twain School,1990-91,1990,478.0,False,False
090192000380,Twain School,1991-92,1991,455.0,False,False
090192000380,Twain School,1992-93,1992,434.0,False,False
090192000380,Twain School,1993-94,1993,442.0,False,False
090192000380,Twain School,1994-95,1994,427.0,False,False
090192000380,Twain School,1995-96,1995,391.0,False,False
090192000380,Twain School,1996-97,1996,417.0,False,False
090192000380,Twain School,1997-98,1997,426.0,False,False
090192000380,Twain School,1998-99,1998,438.0,False,False
090192000380,Twain School,1999-00,1999,427.0,False,False
090192000380,Twain School,2000-01,2000,410.0,False,False
090192000380,Twain School,2001-02,2001,338.0,False,False
090192000380,Twain School,2002-03,2002,328.0,False,False
090192000380,Twain School,2003-04,2003,359.0,False,False
090192000380,Twain School,2004-05,2004,337.0,False,False
090192000380,Twain School,2005-06,2005,347.0,False,False
090192000380,Twain School,2006-07,2006,290.0,False,False
090192000380,Twain School,2007-08,2007,282.0,False,False
090192000380,Twain School,2008-09,2008,,False,False
090192000380,Twain School,2009-10,2009,,False,False
090192000380,Twain School,2010-11,2010,,False,False
090192000380,Twain School,2011-12,2011,,False,False
090192000380,Twain School,2012-13,2012,,False,False
090192000380,Twain School,2013-14,2013,,False,False
090192000380,Twain School,2014-15,2014,,False,False
090192000380,Twain School,2015-16,2015,,False,False
090192000380,Twain School,2016-17,2016,,False,False
090192000380,Twain School,2017-18,2017,,False,False
090192000380,Twain School,2018-19,2018,,False,False
090192000380,Twain School,2019-20,2019,,False,False
090192000380,Twain School,2020-21,2020,,False,False
090192000380,Twain School,2021-22,2021,,False,False
090192000380,Twain School,2022-23,2022,,False,False
090192000380,Twain School,2023-24,2023,,False,False
090192000380,Twain School,2024-25,2024,,False,False
090192001381,University High School Of Science And Engineering,1986-87,1986,,False,False
090192001381,University High School Of Science And Engineering,1987-88,1987,,False,False
090192001381,University High School Of Science And Engineering,1988-89,1988,,False,False
090192001381,University High School Of Science And Engineering,1989-90,1989,,False,False
090192001381,University High School Of Science And Engineering,1990-91,1990,,False,False
090192001381,University High School Of Science And Engineering,1991-92,1991,,False,False
090192001381,University High School Of Science And Engineering,1992-93,1992,,False,False
090192001381,University High School Of Science And Engineering,1993-94,1993,,False,False
090192001381,University High School Of Science And Engineering,1994-95,1994,,False,False
090192001381,University High School Of Science And Engineering,1995-96,1995,,False,False
090192001381,University High School Of Science And Engineering,1996-97,1996,,False,False
090192001381,University High School Of Science And Engineering,1997-98,1997,,False,False
090192001381,University High School Of Science And Engineering,1998-99,1998,,False,False
090192001381,University High School Of Science And Engineering,1999-00,1999,,False,False
090192001381,University High School Of Science And Engineering,2000-01,2000,,False,False
090192001381,University High School Of Science And Engineering,2001-02,2001,,False,False
090192001381,University High School Of Science And Engineering,2002-03,2002,,False,False
090192001381,University High School Of Science And Engineering,2003-04,2003,,False,False
090192001381,University High School Of Science And Engineering,2004-05,2004,103.0,False,False
090192001381,University High School Of Science And Engineering,2005-06,2005,152.0,False,False
090192001381,University High School Of Science And Engineering,2006-07,2006,320.0,False,False
090192001381,University High School Of Science And Engineering,2007-08,2007,342.0,False,False
090192001381,University High School Of Science And Engineering,2008-09,2008,346.0,False,False
090192001381,University High School Of Science And Engineering,2009-10,2009,362.0,False,False
090192001381,University High School Of Science And Engineering,2010-11,2010,406.0,False,False
090192001381,University High School Of Science And Engineering,2011-12,2011,389.0,False,False
090192001381,University High School Of Science And Engineering,2012-13,2012,403.0,False,False
090192001381,University High School Of Science And Engineering,2013-14,2013,408.0,False,False
090192001381,University High School Of Science And Engineering,2014-15,2014,423.0,False,False
090192001381,University High School Of Science And Engineering,2015-16,2015,431.0,False,False
090192001381,University High School Of Science And Engineering,2016-17,2016,431.0,False,False
090192001381,University High School Of Science And Engineering,2017-18,2017,439.0,False,False
090192001381,University High School Of Science And Engineering,2018-19,2018,431.0,False,False
090192001381,University High School Of Science And Engineering,2019-20,2019,429.0,False,False
090192001381,University High School Of Science And Engineering,2020-21,2020,431.0,False,False
090192001381,University High School Of Science And Engineering,2021-22,2021,413.0,False,False
090192001381,University High School Of Science And Engineering,2022-23,2022,412.0,False,False
090192001381,University High School Of Science And Engineering,2023-24,2023,400.0,False,False
090192001381,University High School Of Science And Engineering,2024-25,2024,406.0,False,False
090192000382,Weaver High School,1986-87,1986,1696.0,False,False
090192001939,Weaver High School,1986-87,1986,,False,False
090192000382,Weaver High School,1987-88,1987,1712.0,False,False
090192001939,Weaver High School,1987-88,1987,,False,False
090192000382,Weaver High School,1988-89,1988,1491.0,False,False
090192001939,Weaver High School,1988-89,1988,,False,False
090192000382,Weaver High School,1989-90,1989,1473.0,False,False
090192001939,Weaver High School,1989-90,1989,,False,False
090192000382,Weaver High School,1990-91,1990,1399.0,False,False
090192001939,Weaver High School,1990-91,1990,,False,False
090192000382,Weaver High School,1991-92,1991,1489.0,False,False
090192001939,Weaver High School,1991-92,1991,,False,False
090192000382,Weaver High School,1992-93,1992,1558.0,False,False
090192001939,Weaver High School,1992-93,1992,,False,False
090192000382,Weaver High School,1993-94,1993,1511.0,False,False
090192001939,Weaver High School,1993-94,1993,,False,False
090192000382,Weaver High School,1994-95,1994,1366.0,False,False
090192001939,Weaver High School,1994-95,1994,,False,False
090192000382,Weaver High School,1995-96,1995,1326.0,False,False
090192001939,Weaver High School,1995-96,1995,,False,False
090192000382,Weaver High School,1996-97,1996,1272.0,False,False
090192001939,Weaver High School,1996-97,1996,,False,False
090192000382,Weaver High School,1997-98,1997,1443.0,False,False
090192001939,Weaver High School,1997-98,1997,,False,False
090192000382,Weaver High School,1998-99,1998,1255.0,False,False
090192001939,Weaver High School,1998-99,1998,,False,False
090192000382,Weaver High School,1999-00,1999,1312.0,False,False
090192001939,Weaver High School,1999-00,1999,,False,False
090192000382,Weaver High School,2000-01,2000,1283.0,False,False
090192001939,Weaver High School,2000-01,2000,,False,False
090192000382,Weaver High School,2001-02,2001,1280.0,False,False
090192001939,Weaver High School,2001-02,2001,,False,False
090192000382,Weaver High School,2002-03,2002,1294.0,False,False
090192001939,Weaver High School,2002-03,2002,,False,False
090192000382,Weaver High School,2003-04,2003,1264.0,False,False
090192001939,Weaver High School,2003-04,2003,,False,False
090192000382,Weaver High School,2004-05,2004,1247.0,False,False
090192001939,Weaver High School,2004-05,2004,,False,False
090192000382,Weaver High School,2005-06,2005,1016.0,False,False
090192001939,Weaver High School,2005-06,2005,,False,False
090192000382,Weaver High School,2006-07,2006,1282.0,False,False
090192001939,Weaver High School,2006-07,2006,,False,False
090192000382,Weaver High School,2007-08,2007,1260.0,False,False
090192001939,Weaver High School,2007-08,2007,,False,False
090192000382,Weaver High School,2008-09,2008,873.0,False,False
090192001939,Weaver High School,2008-09,2008,,False,False
090192000382,Weaver High School,2009-10,2009,335.0,False,False
090192001939,Weaver High School,2009-10,2009,,False,False
090192000382,Weaver High School,2010-11,2010,157.0,False,False
090192001939,Weaver High School,2010-11,2010,,False,False
090192000382,Weaver High School,2011-12,2011,,False,False
090192001939,Weaver High School,2011-12,2011,,False,False
090192000382,Weaver High School,2012-13,2012,,False,False
090192001939,Weaver High School,2012-13,2012,,False,False
090192000382,Weaver High School,2013-14,2013,,False,False
090192001939,Weaver High School,2013-14,2013,,False,False
090192000382,Weaver High School,2014-15,2014,,False,False
090192001939,Weaver High School,2014-15,2014,,False,False
090192000382,Weaver High School,2015-16,2015,,False,False
090192001939,Weaver High School,2015-16,2015,,False,False
090192000382,Weaver High School,2016-17,2016,,False,False
090192001939,Weaver High School,2016-17,2016,,False,False
090192000382,Weaver High School,2017-18,2017,,False,False
090192001939,Weaver High School,2017-18,2017,,False,False
090192000382,Weaver High School,2018-19,2018,,False,False
090192001939,Weaver High School,2018-19,2018,,False,False
090192000382,Weaver High School,2019-20,2019,,False,False
090192001939,Weaver High School,2019-20,2019,,False,False
090192000382,Weaver High School,2020-21,2020,,False,False
090192001939,Weaver High School,2020-21,2020,544.0,False,False
090192000382,Weaver High School,2021-22,2021,,False,False
090192001939,Weaver High School,2021-22,2021,625.0,False,False
090192000382,Weaver High School,2022-23,2022,,False,False
090192001939,Weaver High School,2022-23,2022,643.0,False,False
090192000382,Weaver High School,2023-24,2023,,False,False
090192001939,Weaver High School,2023-24,2023,690.0,False,False
090192000382,Weaver High School,2024-25,2024,,False,False
090192001939,Weaver High School,2024-25,2024,721.0,False,False
090192000383,Webster Micro Society Magnet School,1986-87,1986,413.0,False,True
090192000383,Webster Micro Society Magnet School,1987-88,1987,424.0,False,True
090192000383,Webster Micro Society Magnet School,1988-89,1988,390.0,False,True
090192000383,Webster Micro Society Magnet School,1989-90,1989,395.0,False,True
090192000383,Webster Micro Society Magnet School,1990-91,1990,437.0,False,True
090192000383,Webster Micro Society Magnet School,1991-92,1991,439.0,False,True
090192000383,Webster Micro Society Magnet School,1992-93,1992,459.0,False,True
090192000383,Webster Micro Society Magnet School,1993-94,1993,423.0,False,True
090192000383,Webster Micro Society Magnet School,1994-95,1994,467.0,False,True
090192000383,Webster Micro Society Magnet School,1995-96,1995,473.0,False,True
090192000383,Webster Micro Society Magnet School,1996-97,1996,447.0,False,True
090192000383,Webster Micro Society Magnet School,1997-98,1997,517.0,False,True
090192000383,Webster Micro Society Magnet School,1998-99,1998,520.0,False,True
090192000383,Webster Micro Society Magnet School,1999-00,1999,530.0,False,True
090192000383,Webster Micro Society Magnet School,2000-01,2000,511.0,False,True
090192000383,Webster Micro Society Magnet School,2001-02,2001,457.0,False,True
090192000383,Webster Micro Society Magnet School,2002-03,2002,521.0,False,True
090192000383,Webster Micro Society Magnet School,2003-04,2003,543.0,False,True
090192000383,Webster Micro Society Magnet School,2004-05,2004,571.0,False,True
090192000383,Webster Micro Society Magnet School,2005-06,2005,562.0,False,True
090192000383,Webster Micro Society Magnet School,2006-07,2006,625.0,False,True
090192000383,Webster Micro Society Magnet School,2007-08,2007,620.0,False,True
090192000383,Webster Micro Society Magnet School,2008-09,2008,610.0,False,True
090192000383,Webster Micro Society Magnet School,2009-10,2009,619.0,False,True
090192000383,Webster Micro Society Magnet School,2010-11,2010,592.0,False,True
090192000383,Webster Micro Society Magnet School,2011-12,2011,582.0,False,True
090192000383,Webster Micro Society Magnet School,2012-13,2012,626.0,False,True
090192000383,Webster Micro Society Magnet School,2013-14,2013,675.0,False,True
090192000383,Webster Micro Society Magnet School,2014-15,2014,678.0,False,True
090192000383,Webster Micro Society Magnet School,2015-16,2015,660.0,False,True
090192000383,Webster Micro Society Magnet School,2016-17,2016,633.0,False,True
090192000383,Webster Micro Society Magnet School,2017-18,2017,613.0,False,True
090192000383,Webster Micro Society Magnet School,2018-19,2018,622.0,False,True
090192000383,Webster Micro Society Magnet School,2019-20,2019,635.0,False,True
090192000383,Webster Micro Society Magnet School,2020-21,2020,642.0,False,True
090192000383,Webster Micro Society Magnet School,2021-22,2021,629.0,False,True
090192000383,Webster Micro Society Magnet School,2022-23,2022,615.0,False,True
090192000383,Webster Micro Society Magnet School,2023-24,2023,631.0,False,True
090192000383,Webster Micro Society Magnet School,2024-25,2024,626.0,False,True
090192000384,West Middle School,1986-87,1986,686.0,False,True
090192000384,West Middle School,1987-88,1987,735.0,False,True
090192000384,West Middle School,1988-89,1988,692.0,False,True
090192000384,West Middle School,1989-90,1989,743.0,False,True
090192000384,West Middle School,1990-91,1990,858.0,False,True
090192000384,West Middle School,1991-92,1991,847.0,False,True
090192000384,West Middle School,1992-93,1992,805.0,False,True
090192000384,West Middle School,1993-94,1993,863.0,False,True
090192000384,West Middle School,1994-95,1994,841.0,False,True
090192000384,West Middle School,1995-96,1995,824.0,False,True
090192000384,West Middle School,1996-97,1996,919.0,False,True
090192000384,West Middle School,1997-98,1997,904.0,False,True
090192000384,West Middle School,1998-99,1998,934.0,False,True
090192000384,West Middle School,1999-00,1999,815.0,False,True
090192000384,West Middle School,2000-01,2000,797.0,False,True
090192000384,West Middle School,2001-02,2001,795.0,False,True
090192000384,West Middle School,2002-03,2002,704.0,False,True
090192000384,West Middle School,2003-04,2003,649.0,False,True
090192000384,West Middle School,2004-05,2004,711.0,False,True
090192000384,West Middle School,2005-06,2005,795.0,False,True
090192000384,West Middle School,2006-07,2006,739.0,False,True
090192000384,West Middle School,2007-08,2007,768.0,False,True
090192000384,West Middle School,2008-09,2008,670.0,False,True
090192000384,West Middle School,2009-10,2009,698.0,False,True
090192000384,West Middle School,2010-11,2010,690.0,False,True
090192000384,West Middle School,2011-12,2011,658.0,False,True
090192000384,West Middle School,2012-13,2012,637.0,False,True
090192000384,West Middle School,2013-14,2013,498.0,False,True
090192000384,West Middle School,2014-15,2014,380.0,False,True
090192000384,West Middle School,2015-16,2015,359.0,False,True
090192000384,West Middle School,2016-17,2016,449.0,False,True
090192000384,West Middle School,2017-18,2017,437.0,False,True
090192000384,West Middle School,2018-19,2018,480.0,False,True
090192000384,West Middle School,2019-20,2019,462.0,False,True
090192000384,West Middle School,2020-21,2020,262.0,False,True
090192000384,West Middle School,2021-22,2021,295.0,False,True
090192000384,West Middle School,2022-23,2022,293.0,False,True
090192000384,West Middle School,2023-24,2023,306.0,False,True
090192000384,West Middle School,2024-25,2024,289.0,False,True
090192000385,Wish Museum School,1986-87,1986,554.0,False,True
090192000385,Wish Museum School,1987-88,1987,698.0,False,True
090192000385,Wish Museum School,1988-89,1988,615.0,False,True
090192000385,Wish Museum School,1989-90,1989,631.0,False,True
090192000385,Wish Museum School,1990-91,1990,603.0,False,True
090192000385,Wish Museum School,1991-92,1991,608.0,False,True
090192000385,Wish Museum School,1992-93,1992,549.0,False,True
090192000385,Wish Museum School,1993-94,1993,503.0,False,True
090192000385,Wish Museum School,1994-95,1994,525.0,False,True
090192000385,Wish Museum School,1995-96,1995,575.0,False,True
090192000385,Wish Museum School,1996-97,1996,529.0,False,True
090192000385,Wish Museum School,1997-98,1997,504.0,False,True
090192000385,Wish Museum School,1998-99,1998,428.0,False,True
090192000385,Wish Museum School,1999-00,1999,435.0,False,True
090192000385,Wish Museum School,2000-01,2000,408.0,False,True
090192000385,Wish Museum School,2001-02,2001,421.0,False,True
090192000385,Wish Museum School,2002-03,2002,386.0,False,True
090192000385,Wish Museum School,2003-04,2003,417.0,False,True
090192000385,Wish Museum School,2004-05,2004,444.0,False,True
090192000385,Wish Museum School,2005-06,2005,475.0,False,True
090192000385,Wish Museum School,2006-07,2006,415.0,False,True
090192000385,Wish Museum School,2007-08,2007,437.0,False,True
090192000385,Wish Museum School,2008-09,2008,424.0,False,True
090192000385,Wish Museum School,2009-10,2009,426.0,False,True
090192000385,Wish Museum School,2010-11,2010,444.0,False,True
090192000385,Wish Museum School,2011-12,2011,392.0,False,True
090192000385,Wish Museum School,2012-13,2012,392.0,False,True
090192000385,Wish Museum School,2013-14,2013,354.0,False,True
090192000385,Wish Museum School,2014-15,2014,303.0,False,True
090192000385,Wish Museum School,2015-16,2015,304.0,False,True
090192000385,Wish Museum School,2016-17,2016,429.0,False,True
090192000385,Wish Museum School,2017-18,2017,395.0,False,True
090192000385,Wish Museum School,2018-19,2018,502.0,False,True
090192000385,Wish Museum School,2019-20,2019,332.0,False,True
090192000385,Wish Museum School,2020-21,2020,285.0,False,True
090192000385,Wish Museum School,2021-22,2021,289.0,False,True
090192000385,Wish Museum School,2022-23,2022,291.0,False,True
090192000385,Wish Museum School,2023-24,2023,299.0,False,True
090192000385,Wish Museum School,2024-25,2024,297.0,False,True
